date,skq_price,hynix_price,regime,divergence,high_residual,event_name,direction,importance,note,source
20211129,76000,116000,,,,,,,,
20211130,68000,114000,동일,-9.17,Y,분할 재상장 이틀째 주가 강세,?,L,해당 event는 장중 공개된 시세현황 관련 정보로 주가방향성 설명 및 잔차 설명에는 부적합,https://www.hankyung.com/article/2021113036126
20211201,62700,116500,교차,-9.47,Y,분할 재상장 초기 외국인·기관 매도 물량 출회,-,H,,https://cm.asiae.co.kr/article/stock-etc/2021120308124967565
20211202,68700,120000,동일,7.27,Y,,,,,
20211203,66000,118000,동일,-2.66,,,,,,
20211206,66000,118500,Zero,-0.35,,,,,,
20211207,65600,121500,교차,-2.55,,,,,,
20211208,64600,120000,동일,-0.64,,,,,,
20211209,65100,123500,동일,-1.53,,,,,,
20211210,63300,120500,동일,-1.03,,,,,,
20211213,63000,121500,교차,-1.03,,,,,,
20211214,60600,121000,동일,-3.48,Y,,,,,
20211215,58200,123500,교차,-5.5,Y,,,,,
20211216,56400,124000,교차,-3.47,Y,,,,,
20211217,57000,122000,교차,2.26,,,,,,
20211220,58400,120500,교차,3.46,Y,,,,,
20211221,60900,124500,동일,1.74,,,,,,
20211222,65700,127000,동일,6.35,Y,유상증자결정(종속회사의주요경영사항) (SK하이닉스) | 유상증자결정(종속회사의주요경영사항) (SK하이닉스) | 타법인주식및출자증권취득결정 (SK하이닉스) | 타법인주식및출자증권취득결정 (SK하이닉스) | 금전대여결정 (SK하이닉스),,,,DART(하이닉스) 20211222 rcpNo=20211222800771 | DART(하이닉스) 20211222 rcpNo=20211222800770 | DART(하이닉스) 20211222 rcpNo=20211222800766 | DART(하이닉스) 20211222 rcpNo=20211222800765 | DART(하이닉스) 20211222 rcpNo=20211222800715
20211223,64900,127500,교차,-1.49,,,,,,
20211224,65800,128000,동일,1.05,,,,,,
20211227,65200,126000,동일,0.33,,,,,,
20211228,64800,127500,교차,-1.6,,,,,,
20211229,64500,127000,동일,-0.24,,,,,,
20211230,66400,131000,동일,0.49,,,,,,
20220103,66500,128500,교차,1.64,,,,,,
20220104,70000,128500,Zero,5.26,Y,,,,,
20220105,67600,125500,동일,-1.56,,,,,,
20220106,61700,125000,동일,-8.36,Y,SK쉴더스 IPO 예비심사 청구 및 CES 관련 투자회사 전략,?,H,"자회사의 IPO 심사 청구는 시장의 관심사가 높고, SK쉴더스 역시 안정적인 수익성을 보유한 기업이나, 해당일의 잔차를 설명하기에는 부적합해보임. 다른 팩터로 인한 잔차 발생 추정",https://www.hankyung.com/article/2022010585101
20220107,61000,127000,교차,-2.41,,,,,,
20220110,57500,124500,동일,-4.16,Y,,,,,
20220111,57200,128000,교차,-2.67,,,,,,
20220112,59400,128500,동일,3.5,Y,,,,,
20220113,58000,129500,교차,-2.99,,,,,,
20220114,59000,128500,교차,2.36,,,,,,
20220117,59300,127000,교차,1.43,,,,,,
20220118,62900,126500,교차,6.42,Y,MSCI 유동비율 확대 및 자회사 IPO 기대,+,H,안정적인 수익을 보이는 자회사 (SK쉴더스)의 IPO 가능성,https://biz.chosun.com/stock/market_trend/2022/01/18/JLE6HCO475G55EYOJA2FOIQSRU/
20220119,62300,127000,교차,-1.23,,,,,,
20220120,62500,125000,교차,1.52,,,,,,
20220121,60800,119000,동일,1.04,,,,,,
20220124,59200,119000,Zero,-2.59,,,,,,
20220125,56700,118000,동일,-3.54,Y,동일인등출자계열회사와의상품ㆍ용역거래 (SK하이닉스),,,,DART(하이닉스) 20220125 rcpNo=20220125000381
20220126,57200,117500,교차,1.2,,,,,,
20220127,54800,113500,동일,-1.57,,,,,,
20220128,55000,120500,동일,-4.36,Y,매출액또는손익구조30%(대규모법인은15%)이상변경(자회사의 주요경영사항),+,H,SK하이닉스 전년대비 영업이익 +147.6% 증가,DART 20220128 rcpNo=20220128800013
20220203,56200,124000,동일,-0.06,,,,,,
20220204,56900,124500,동일,0.92,,,,,,
20220207,58200,123000,교차,3.22,Y,,,,,
20220208,58600,125000,동일,-0.57,,,,,,
20220209,59800,126000,동일,1.39,,,,,,
20220210,57100,129500,교차,-6.65,Y,,,,,
20220211,56800,132000,교차,-2.01,,,,,,
20220214,54600,132500,교차,-4.14,Y,자기주식처분결과보고서,?,L,임직원 대상 자기주식 상여 지급,DART 20220214 rcpNo=20220214000174
20220215,51700,127000,동일,-2.02,,,,,,
20220216,54700,130500,동일,3.62,Y,,,,,
20220217,54200,133000,교차,-2.41,,,,,,
20220218,54200,131500,Zero,0.84,,,,,,
20220221,55800,130000,교차,3.84,Y,,,,,
20220222,55100,128500,동일,-0.31,,,,,,
20220223,57700,128500,Zero,4.7,Y,,,,,
20220224,55300,122500,동일,-0.48,,,,,,
20220225,57300,123000,동일,3.29,Y,출범 후 첫 실적 발표,+,L,"출범 후 첫 실적발표에서 연결기준 영업이익 4198억원 발표하였으나, 설립 후 2개월간의 영업 성과에 불과하며, 자회사의 이익이 회계상 기록된 수준에 불과하기 때문에 긍정적이지만 미치는 영향은 미미함",https://www.hankyung.com/article/2022022501221
20220228,55800,123500,교차,-2.94,,,,,,
20220302,54100,125000,교차,-4,Y,,,,,
20220303,55100,129000,동일,-0.65,,,,,,
20220304,53000,124500,동일,-1.09,,,,,,
20220307,50700,119500,동일,-1.24,,,,,,
20220308,49250,118000,동일,-1.87,,,,,,
20220310,51900,120000,동일,4.07,Y,,,,,
20220311,51400,117000,동일,0.9,,,,,,
20220314,52200,116000,교차,2.23,,,,,,
20220315,51300,112500,동일,0.59,,,,,,
20220316,51300,116500,Zero,-2.74,,,,,,
20220317,52600,124000,동일,-2.37,,,,,,
20220318,53500,124000,Zero,1.71,,,,,,
20220321,53500,122000,Zero,1.26,,,,,,
20220322,53700,123500,동일,-0.57,,,,,,
20220323,55700,123500,Zero,3.71,Y,,,,,
20220324,55600,120500,동일,1.71,,,,,,
20220325,55100,118000,동일,0.69,,,,,,
20220328,56700,118000,Zero,2.86,,,,,,
20220329,57500,120000,동일,0.09,,,,,,
20220330,56200,121000,교차,-2.87,,,,,,
20220331,56800,118000,교차,2.97,,,,,,
20220401,56300,116000,동일,0.42,,,,,,
20220404,56200,117000,교차,-0.83,,,,,,
20220405,56500,116500,교차,0.87,,,,,,
20220406,56700,113000,교차,2.65,,,,,,
20220407,55400,113500,교차,-2.67,,,,,,
20220408,56200,112000,교차,2.47,,,,,,
20220411,56100,111500,동일,0.17,,,,,,
20220412,55400,111000,동일,-0.92,,,,,,
20220413,57000,113000,동일,1.52,,,,,,
20220414,57500,110000,교차,2.89,,,,,,
20220415,57100,108000,동일,0.65,,,,,,
20220418,55700,109000,교차,-3.14,Y,,,,,
20220419,56500,112500,동일,-0.96,,,,,,
20220420,56700,112500,Zero,0.34,,,,,,
20220421,56300,113000,교차,-1.04,,,,,,
20220422,55400,110500,동일,0.09,,,,,,
20220425,54500,108000,동일,0.12,,,,,,
20220426,54400,111000,교차,-2.25,,,,,,
20220427,52800,108500,동일,-1.23,,,,,,
20220428,52600,109500,교차,-1.08,,,,,,
20220429,52700,112500,동일,-1.87,,,,,,
20220502,51400,110500,동일,-1.13,,,,,,
20220503,51400,110000,Zero,0.34,,,,,,
20220504,50500,109500,동일,-1.41,,,,,,
20220506,48400,107500,동일,-2.78,,,,,,
20220509,45850,107500,Zero,-5.23,Y,"SK스퀘어-SKT, 글로벌 게임사 ‘해긴’에 공동 투자",-,L,比 반도체/AI 분야 신규투자,SK스퀘어 홈페이지 뉴스룸 20220506
20220510,46200,110000,동일,-0.98,,,,,,
20220511,44700,110500,교차,-3.57,Y,SK쉴더스에 이어 원스토어 IPO 철회,-,H,출범 후 시도한 첫 IPO 2건 모두 실패,https://www.mt.co.kr/stock/2022/05/11/2022051116343517575
20220512,43100,109000,동일,-2.54,,,,,,
20220513,44400,112500,동일,0.6,,,,,,
20220516,44600,110500,교차,1.8,,,,,,
20220517,44650,112500,동일,-1.26,,,,,,
20220518,45000,113500,동일,0.11,,,,,,
20220519,44700,111000,동일,1.01,,,,,,
20220520,46350,112500,동일,2.66,,,,,,
20220523,46950,113000,동일,0.97,,,,,,
20220524,45500,108500,동일,-0.06,,,,,,
20220525,45950,108000,교차,1.34,,,,,,
20220526,45500,103000,동일,2.49,,,,,,
20220527,46000,106000,동일,-1.07,,,,,,
20220530,47100,107000,동일,1.67,,,,,,
20220531,47300,108000,동일,-0.29,,,,,,
20220602,46150,107000,동일,-1.74,,,,,,
20220603,46950,107000,Zero,1.73,,,,,,
20220607,45250,104000,동일,-1.51,,,,,,
20220608,45850,106000,동일,-0.1,,,,,,
20220609,46500,105500,교차,1.77,,,,,,
20220610,45600,103500,동일,-0.53,,,,,,
20220613,43000,99000,동일,-2.43,,,,,,
20220614,42900,99100,교차,-0.28,,,,,,
20220615,41850,97900,동일,-1.54,,,,,,
20220616,42300,97400,교차,1.45,,,,,,
20220617,43050,96400,교차,2.54,,,,,,
20220620,41800,94500,동일,-1.43,,,,,,
20220621,41500,95200,교차,-1.27,,,,,,
20220622,40600,92200,동일,0.15,,,,,,
20220623,39000,90200,동일,-2.34,,,,,,
20220624,40950,91600,동일,3.84,Y,,,,,
20220627,41950,95000,동일,-0.24,,,,,,
20220628,41400,95300,교차,-1.54,,,,,,
20220629,40750,94000,동일,-0.58,,,,,,
20220630,39050,91000,동일,-1.85,,,,,,
20220701,38950,87500,동일,2.51,,,,,,
20220704,38200,89100,교차,-3.22,Y,,,,,
20220705,39550,92500,동일,0.79,,,,,,
20220706,38100,92100,동일,-3.35,Y,,,,,
20220707,39600,93900,동일,2.53,,,,,,
20220708,39800,94800,동일,-0.18,,,,,,
20220711,39800,93700,Zero,0.83,,,,,,
20220712,39500,93300,동일,-0.42,,,,,,
20220713,40600,94000,동일,2.22,,,,,,
20220714,39800,94000,Zero,-1.97,,,,,,
20220715,40350,98700,동일,-2.22,,,,,,
20220718,40950,101000,동일,-0.23,,,,,,
20220719,40400,100000,동일,-0.61,,,,,,
20220720,41500,102000,동일,1.24,,,,,,
20220721,41750,102500,동일,0.22,,,,,,
20220722,41150,100000,동일,0.34,,,,,,
20220725,41600,100000,Zero,1.1,,,,,,
20220726,41600,100500,Zero,-0.37,,,,,,
20220727,42500,100000,교차,2.52,,,,,,
20220728,42700,99400,교차,0.92,,,,,,
20220729,42750,97900,교차,1.22,,,,,,
20220801,42450,97100,동일,-0.11,,,,,,
20220802,41200,96500,동일,-2.48,,,,,,
20220803,41800,97500,동일,0.69,,,,,,
20220804,42000,97500,Zero,0.46,,,,,,
20220805,42650,98500,동일,0.79,,,,,,
20220808,43000,96300,교차,2.46,,,,,,
20220809,42200,95100,동일,-0.96,,,,,,
20220810,42300,91800,교차,2.75,,,,,,
20220811,43750,93300,동일,2.25,,,,,,
20220812,43250,93300,Zero,-1.14,,,,,,
20220816,43700,96700,동일,-1.58,,,,,,
20220817,43750,97100,동일,-0.17,,,,,,
20220818,43600,95700,동일,0.71,,,,,,
20220819,42950,96400,교차,-2,,,,,,
20220822,41200,95200,동일,-3.14,Y,,,,,
20220823,40400,93600,동일,-0.72,,,,,,
20220824,40500,93200,교차,0.56,,,,,,
20220825,41000,94100,동일,0.53,,,,,,
20220826,41100,95100,동일,-0.53,,,,,,
20220829,39600,92500,동일,-1.65,,,,,,
20220830,39750,93200,동일,-0.18,,,,,,
20220831,40500,95200,동일,0.35,,,,,,
20220901,39400,92400,동일,-0.58,,,,,,
20220902,39050,91700,동일,-0.38,,,,,,
20220905,39050,91100,Zero,0.47,,,,,,
20220906,40200,91800,동일,2.38,,,,,,
20220907,39850,90400,동일,0.26,,,,,,
20220908,42100,90400,Zero,5.62,Y,,,,,
20220913,43400,94800,동일,-0.39,,,,,,
20220914,42650,93000,동일,-0.34,,,,,,
20220915,42600,92000,동일,0.62,,,,,,
20220916,41750,91200,동일,-1.34,,,,,,
20220919,40800,90000,동일,-1.3,,,,,,
20220920,40200,88000,동일,0.11,,,,,,
20220921,39600,88000,Zero,-1.48,,,,,,
20220922,39450,86000,동일,1.24,,,,,,
20220923,39000,83500,동일,0.94,,,,,,
20220926,37000,82500,동일,-4.24,Y,,,,,
20220927,36150,82000,동일,-1.87,,,,,,
20220928,36350,81200,교차,1.27,,,,,,
20220929,35750,80800,동일,-1.3,,,,,,
20220930,36150,83100,동일,-0.86,,,,,,
20221004,38100,86200,동일,2.76,,,,,,
20221005,38850,89800,동일,-0.98,,,,,,
20221006,38950,89900,동일,0.16,,,,,,
20221007,38900,91200,교차,-1.16,,,,,,
20221011,37500,90200,동일,-2.78,,,,,,
20221012,38150,94000,동일,-1.29,,,,,,
20221013,38100,94900,교차,-0.79,,,,,,
20221014,38400,95500,동일,0.31,,,,,,
20221017,39400,95200,교차,2.83,,,,,,
20221018,39400,95800,Zero,-0.47,,,,,,
20221019,38750,92900,동일,0.55,,,,,,
20221020,38200,90200,동일,0.68,,,,,,
20221021,37950,90500,교차,-0.88,,,,,,
20221024,38600,91800,동일,0.67,,,,,,
20221025,38000,93500,교차,-2.88,,,,,,
20221026,39000,93900,동일,2.33,,,,,,
20221027,39000,90000,Zero,3,Y,현금ㆍ현물배당결정(자회사의 주요경영사항),?,M,SK하이닉스의 현금 현물 배당 공시,DART 20221027 rcpNo=20221027800003
20221028,36750,83400,동일,-0.52,,,,,,
20221031,36950,82700,교차,1.12,,,,,,
20221101,36750,83900,교차,-1.57,,,,,,
20221102,37200,84500,동일,0.72,,,,,,
20221103,36850,82700,동일,0.56,,,,,,
20221104,36600,84500,교차,-2.2,,,,,,
20221107,38100,86500,동일,2.43,,,,,,
20221108,38550,87700,동일,0.19,,,,,,
20221109,39100,89200,동일,0.21,,,,,,
20221110,39100,89100,Zero,0.07,,,,,,
20221111,40800,93500,동일,0.82,,,,,,
20221114,40500,90900,동일,1.27,,,,,,
20221115,40050,91600,교차,-1.67,,,,,,
20221116,40450,91500,교차,1.08,,,,,,
20221117,39200,87700,동일,-0.1,,,,,,
20221118,38500,88400,교차,-2.36,,,,,,
20221121,37250,86300,동일,-1.55,,,,,,
20221122,36650,85200,동일,-0.71,,,,,,
20221123,37450,85200,Zero,2.17,,,,,,
20221124,37450,86900,Zero,-1.41,,,,,,
20221125,37100,85100,동일,0.53,,,,,,
20221128,36450,83100,동일,-0.09,,,,,,
20221129,36650,83700,동일,0.04,,,,,,
20221130,37450,85000,동일,1.08,,,,,,
20221201,37500,84700,교차,0.37,,,,,,
20221202,36900,81900,동일,0.73,,,,,,
20221205,36300,81000,동일,-0.86,,,,,,
20221206,35650,81000,Zero,-1.78,,,,,,
20221207,35200,78900,동일,0.55,,,,,,
20221208,35600,78800,교차,1.23,,,,,,
20221209,35900,81500,동일,-1.51,,,,,,
20221212,36100,81100,교차,0.9,,,,,,
20221213,35800,82300,교차,-1.86,,,,,,
20221214,35900,81800,교차,0.7,,,,,,
20221215,35300,80200,동일,-0.31,,,,,,
20221216,35100,78400,동일,0.99,,,,,,
20221219,35300,79000,동일,0.05,,,,,,
20221220,34750,78300,동일,-0.94,,,,,,
20221221,34750,78000,Zero,0.26,,,,,,
20221222,35900,79200,동일,2.25,,,,,,
20221223,34900,77800,동일,-1.57,,,,,,
20221226,34650,77000,동일,-0.02,,,,,,
20221227,35350,77000,Zero,2.01,,,,,,
20221228,34500,76000,동일,-1.49,,,,,,
20221229,33550,75000,동일,-1.83,,,,,,
20230102,32900,75700,교차,-2.54,,,,,,
20230103,32000,75600,동일,-2.64,,,,,,
20230104,33450,81000,동일,-0.36,,,,,,
20230105,33400,81400,교차,-0.5,,,,,,
20230106,34050,83100,동일,0.5,,,,,,
20230109,34800,86000,동일,-0.24,,,,,,
20230110,35150,86500,동일,0.6,,,,,,
20230111,35600,87300,동일,0.62,,,,,,
20230112,35950,86800,교차,1.39,,,,,,
20230113,35850,85700,동일,0.62,,,,,,
20230116,35700,85800,교차,-0.51,,,,,,
20230117,35600,86000,교차,-0.44,,,,,,
20230118,35500,85100,동일,0.46,,,,,,
20230119,35300,85500,교차,-0.89,,,,,,
20230120,35250,87600,교차,-1.87,,,,,,
20230125,36750,91400,동일,1.18,,,,,,
20230126,37400,92300,동일,1.06,,,,,,
20230127,37700,91500,교차,1.42,,,,,,
20230130,37550,90700,동일,0.23,,,,,,
20230131,36250,88500,동일,-1.73,,,,,,
20230201,36950,91400,동일,-0.4,,,,,,
20230202,37000,93400,동일,-1.44,,,,,,
20230203,36600,92200,동일,-0.15,,,,,,
20230206,35850,89100,동일,0.38,,,,,,
20230207,36000,90800,동일,-0.94,,,,,,
20230208,37250,94900,동일,0.23,,,,,,
20230209,36850,94400,동일,-0.69,,,,,,
20230210,37200,93500,교차,1.65,,,,,,
20230213,36550,90600,동일,0.5,,,,,,
20230214,37000,93400,동일,-0.98,,,,,,
20230215,36350,91700,동일,-0.43,,,,,,
20230216,37200,92900,동일,1.4,,,,,,
20230217,36750,92000,동일,-0.51,,,,,,
20230220,38450,92500,동일,4.23,Y,자기주식처분결과보고서,?,L,임직원 대상 자기주식 상여 지급,DART 20230220 rcpNo=20230220002021
20230221,37900,91200,동일,-0.43,,,,,,
20230222,36600,89100,동일,-1.78,,,,,,
20230223,37850,92700,동일,0.54,,,,,,
20230224,39300,91000,교차,5.17,Y,Q4 ’22 Portfolio Update,-,H,2022년 분기 및 2024년 4분기 실적 저조,https://www.sksquare.com/kor/ir/presentation.do
20230227,38700,90000,동일,-0.74,,,,,,
20230228,38350,89400,동일,-0.43,,,,,,
20230302,38900,88100,교차,2.47,,,,,,
20230303,40150,87300,교차,3.86,Y,Portfolio Update - SK shieldus,+,H,"규모감 있는 Harvest. 8,646억원 Cash Inflow 발생",https://www.sksquare.com/kor/ir/presentation.do
20230306,40850,89700,동일,-0.21,,,,,,
20230307,41700,88900,교차,2.71,,,,,,
20230308,40750,86800,동일,-0.59,,,,,,
20230309,39900,85600,동일,-1.11,,,,,,
20230310,38400,83300,동일,-1.85,,,,,,
20230313,38250,84300,교차,-1.22,,,,,,
20230314,35900,81100,동일,-3.45,Y,,,,,
20230315,35650,79100,동일,0.99,,,,,,
20230316,36000,79000,교차,1.07,,,,,,
20230317,36800,84000,동일,-2.13,,,,,,
20230320,36850,83700,교차,0.39,,,,,,
20230321,37000,83600,교차,0.49,,,,,,
20230322,37250,86900,동일,-2.08,,,,,,
20230323,37650,88500,동일,-0.23,,,,,,
20230324,37500,87300,동일,0.57,,,,,,
20230327,36900,85500,동일,-0.14,,,,,,
20230328,37350,88400,동일,-1.17,,,,,,
20230329,38050,86900,교차,3.06,Y,최대주주등소유주식변동신고서 (SK하이닉스) | 독립이사의선임ㆍ해임또는중도퇴임에관한신고 (SK하이닉스),,,,DART(하이닉스) 20230329 rcpNo=20230329802324 | DART(하이닉스) 20230329 rcpNo=20230329001211
20230330,39300,88800,동일,1.74,,,,,,
20230331,39750,88600,교차,1.31,,,,,,
20230403,39000,87200,동일,-0.77,,,,,,
20230404,38650,84500,동일,1.29,,,,,,
20230405,38550,84600,교차,-0.34,,,,,,
20230406,38450,83800,동일,0.42,,,,,,
20230407,39200,89100,동일,-2.5,,,,,,
20230410,38900,90700,교차,-2.11,,,,,,
20230411,39250,91800,동일,0.05,,,,,,
20230412,40900,90300,교차,5.37,Y,자기주식처분결과보고서 (SK하이닉스) | 유상증자또는주식관련사채등의발행결과(자율공시) (SK하이닉스),,,,DART(하이닉스) 20230412 rcpNo=20230412001951 | DART(하이닉스) 20230412 rcpNo=20230412800394
20230413,40100,88700,동일,-0.69,,,,,,
20230414,40550,89300,동일,0.63,,,,,,
20230417,40550,88500,Zero,0.64,,,,,,
20230418,40600,87600,교차,0.86,,,,,,
20230419,40750,88200,동일,-0.17,,,,,,
20230420,40650,87700,동일,0.17,,,,,,
20230421,41600,89100,동일,1.25,,,,,,
20230424,40400,87200,동일,-1.34,,,,,,
20230425,39550,85500,동일,-0.71,,,,,,
20230426,40400,87400,동일,0.57,,,,,,
20230427,40700,88800,동일,-0.4,,,,,,
20230428,42450,89500,동일,3.75,Y,11번가 IPO 기한과 지분 매각 가능성,?,M,자회사 (11번가)의 Q-IPO 기한이 도래함에 따라 지분 매각 가능성 (만성 적자 자회사 정리) 혹은 SK스퀘어 본사의 자금 지원 (Capital Injection to loss making subsidiary)에 대한 기대감과 우려 섞임 ,https://news.bizwatch.co.kr/article/consumer/2023/04/27/0063
20230502,41350,90200,교차,-3.19,Y,,,,,
20230503,41750,89800,교차,1.23,,,,,,
20230504,41800,88700,교차,1.03,,,,,,
20230508,42100,88700,Zero,0.72,,,,,,
20230509,42350,87300,교차,1.69,,,,,,
20230510,42000,86900,동일,-0.49,,,,,,
20230511,41900,86300,동일,0.25,,,,,,
20230512,42100,87200,동일,-0.25,,,,,,
20230515,42500,86400,교차,1.61,,,,,,
20230516,42650,90400,동일,-2.92,,,,,,
20230517,42850,91900,동일,-0.72,,,,,,
20230518,43150,93600,동일,-0.64,,,,,,
20230519,44500,97300,동일,0.28,,,,,,
20230522,45200,98200,동일,0.88,,,,,,
20230523,44700,97900,동일,-0.89,,,,,,
20230524,44400,97700,동일,-0.51,,,,,,
20230525,45600,103500,동일,-1.63,,,,,,
20230526,46350,109200,동일,-2.42,,,,,,
20230530,46250,110300,교차,-0.98,,,,,,
20230531,46150,108600,동일,0.95,,,,,,
20230601,45600,110300,교차,-2.37,,,,,,
20230602,45250,110300,Zero,-0.78,,,,,,
20230605,45150,108700,동일,0.87,,,,,,
20230607,46100,108000,교차,2.59,,,,,,
20230608,45300,109700,교차,-2.92,,,,,,
20230609,46400,115400,동일,-1.48,,,,,,
20230612,45600,114800,동일,-1.32,,,,,,
20230613,48350,119500,동일,2.91,,,,,,
20230614,47150,118800,동일,-2.02,,,,,,
20230615,47900,119000,동일,1.47,,,,,,
20230616,47550,118900,동일,-0.67,,,,,,
20230619,47000,114800,동일,1.47,,,,,,
20230620,46500,116100,교차,-1.92,,,,,,
20230621,46200,115100,동일,0,,,,,,
20230622,45950,114000,동일,0.2,,,,,,
20230623,45250,113600,동일,-1.26,,,,,,
20230626,44900,113500,동일,-0.7,,,,,,
20230627,44900,113000,Zero,0.32,,,,,,
20230628,44800,114300,교차,-1.08,,,,,,
20230629,44250,116200,교차,-2.47,,,,,,
20230630,44250,115200,Zero,0.65,,,,,,
20230703,45950,117600,동일,2.24,,,,,,
20230704,45650,117900,교차,-0.84,,,,,,
20230705,46200,116700,교차,1.99,,,,,,
20230706,45200,113800,동일,-0.24,,,,,,
20230707,44250,111800,동일,-0.76,,,,,,
20230710,44100,110300,동일,0.67,,,,,,
20230711,45600,113400,동일,1.28,,,,,,
20230712,45850,115400,동일,-0.79,,,,,,
20230713,46250,114100,교차,1.73,,,,,,
20230714,47050,118000,동일,-0.87,,,,,,
20230717,46450,117200,동일,-0.77,,,,,,
20230718,46250,117800,교차,-0.82,,,,,,
20230719,46450,117500,교차,0.63,,,,,,
20230720,46700,116900,교차,0.93,,,,,,
20230721,46500,115100,동일,0.75,,,,,,
20230724,43950,114000,동일,-4.74,Y,,,,,
20230725,43550,113400,동일,-0.49,,,,,,
20230726,42800,113000,동일,-1.44,,,,,,
20230727,45700,124000,동일,-0.62,,,,,,
20230728,45400,128000,교차,-3.17,Y,,,,,
20230731,44400,123400,동일,0.6,,,,,,
20230801,45400,125100,동일,1.18,,,,,,
20230802,44900,119500,동일,2.38,,,,,,
20230803,44950,120000,동일,-0.2,,,,,,
20230804,45650,120100,동일,1.49,,,,,,
20230807,46000,121900,동일,-0.38,,,,,,
20230808,44750,118600,동일,-0.63,,,,,,
20230809,45450,118500,교차,1.62,,,,,,
20230810,46050,118500,Zero,1.32,,,,,,
20230811,46000,115300,동일,1.96,,,,,,
20230814,45500,114900,동일,-0.82,,,,,,
20230816,45150,115800,교차,-1.37,,,,,,
20230817,43950,114800,동일,-2.01,,,,,,
20230818,43950,117200,Zero,-1.59,,,,,,
20230821,44150,116400,교차,0.98,,,,,,
20230822,44250,116500,동일,0.17,,,,,,
20230823,43350,116000,동일,-1.7,,,,,,
20230824,44600,120900,동일,-0.35,,,,,,
20230825,43450,116500,동일,0.21,,,,,,
20230828,44000,115900,교차,1.61,,,,,,
20230829,44000,118600,Zero,-1.77,,,,,,
20230830,45650,119400,동일,3.23,Y,,,,,
20230831,45100,121800,교차,-2.75,,,,,,
20230901,44550,120000,동일,-0.07,,,,,,
20230904,44200,119200,동일,-0.29,,,,,,
20230905,43950,119400,교차,-0.7,,,,,,
20230906,43700,118200,동일,0.21,,,,,,
20230907,43150,118500,교차,-1.45,,,,,,
20230908,41750,113700,동일,-0.14,,,,,,
20230911,40150,115900,교차,-5.31,Y,,,,,
20230912,40400,116700,동일,0.09,,,,,,
20230913,41200,118500,동일,0.79,,,,,,
20230914,41400,122200,동일,-1.89,,,,,,
20230915,42250,122400,동일,1.92,,,,,,
20230918,41750,119000,동일,0.95,,,,,,
20230919,42800,119200,동일,2.4,,,,,,
20230920,43200,118000,교차,1.71,,,,,,
20230921,42100,116500,동일,-1.57,,,,,,
20230922,42850,117300,동일,1.25,,,,,,
20230925,43350,117000,교차,1.37,,,,,,
20230926,42650,115000,동일,-0.28,,,,,,
20230927,42450,114700,동일,-0.27,,,,,,
20231004,41400,115400,교차,-2.92,,,,,,
20231005,42750,120200,동일,0.07,,,,,,
20231006,42700,120400,교차,-0.25,,,,,,
20231010,43400,119500,교차,2.23,,,,,,
20231011,43500,119200,교차,0.41,,,,,,
20231012,44600,124200,동일,-0.71,,,,,,
20231013,44650,124700,동일,-0.2,,,,,,
20231016,44400,124100,동일,-0.18,,,,,,
20231017,44800,130000,동일,-2.8,,,,,,
20231018,44500,130000,Zero,-0.67,,,,,,
20231019,43950,125700,동일,1.36,,,,,,
20231020,42700,126200,교차,-3.14,Y,,,,,
20231023,42350,124000,동일,0.55,,,,,,
20231024,42650,126800,동일,-1.05,,,,,,
20231025,43750,127500,동일,2.13,,,,,,
20231026,42950,120000,동일,2.77,,,,,,
20231027,42200,119100,동일,-1.18,,,,,,
20231030,43200,119100,Zero,2.34,,,,,,
20231031,42550,116300,동일,0.31,,,,,,
20231101,42900,120300,동일,-1.8,,,,,,
20231102,44950,125300,동일,1.58,,,,,,
20231103,45250,125800,동일,0.35,,,,,,
20231106,47200,133000,동일,-0.14,,,,,,
20231107,47450,130400,교차,2.07,,,,,,
20231108,46900,127600,동일,0.52,,,,,,
20231109,47850,128000,동일,1.79,,,,,,
20231110,48250,130500,동일,-0.69,,,,,,
20231113,48450,131800,동일,-0.37,,,,,,
20231114,48300,130000,동일,0.73,,,,,,
20231115,48650,134100,동일,-1.74,,,,,,
20231116,49350,132300,교차,2.5,,,,,,
20231117,48600,129900,동일,-0.1,,,,,,
20231120,47100,131400,교차,-4.01,Y,11번가·큐텐 협상 결렬 및 주가 하락,-,H,만성적자 자회사의 매각 가능성 축소,https://www.news2day.co.kr/article/20231120500199?site_preference=normal
20231121,49300,132000,동일,4.3,Y,11번가 매각 불발 우려에도 재무 영향 제한·과도한 NAV 할인 분석,+,H,전일 부정적 뉴스를 반박하는 (SK스퀘어 주가에는 긍정적인) 기사,https://www.newspim.com/news/view/20231121000137
20231122,49050,131300,동일,-0.1,,,,,,
20231123,49000,130100,동일,0.62,,,,,,
20231124,48050,128000,동일,-0.67,,,,,,
20231127,49150,130700,동일,0.65,,,,,,
20231128,50200,131400,동일,1.72,,,,,,
20231129,49950,130400,동일,0.11,,,,,,
20231130,51000,133900,동일,0,,,,,,
20231201,49050,132600,동일,-3.05,Y,11번가 콜옵션과 티빙·웨이브 합병 이슈,-,M,주요 적자 자회사들에 대한 현황을 재조명하는 기획기사.,https://www.newswell.co.kr/news/articleView.html?idxno=9092
20231204,49650,131100,교차,2.09,,,,,,
20231205,48550,125900,동일,0.88,,,,,,
20231206,48750,125600,교차,0.6,,,,,,
20231207,48950,125600,Zero,0.41,,,,,,
20231208,49600,127500,동일,0.16,,,,,,
20231211,49950,128900,동일,-0.12,,,,,,
20231212,49950,131000,Zero,-1.27,,,,,,
20231213,50300,131200,동일,0.58,,,,,,
20231214,50800,136700,동일,-2.29,,,,,,
20231215,51100,140000,동일,-1.34,,,,,,
20231218,50100,140000,Zero,-1.95,,,,,,
20231219,49850,138200,동일,0.53,,,,,,
20231220,51100,140500,동일,1.19,,,,,,
20231221,50700,140500,Zero,-0.77,,,,,,
20231222,49400,140600,교차,-2.61,,,,,,
20231226,49850,140900,동일,0.74,,,,,,
20231227,50500,140400,교차,1.59,,,,,,
20231228,52600,141500,동일,3.53,Y,,,,,
20240102,52700,142400,동일,-0.31,,,,,,
20240103,49450,136800,동일,-3.03,Y,,,,,
20240104,48900,136400,동일,-0.87,,,,,,
20240105,48700,137500,교차,-1.04,,,,,,
20240108,48200,136000,동일,-0.16,,,,,,
20240109,49450,137400,동일,1.77,,,,,,
20240110,48100,133500,동일,-0.47,,,,,,
20240111,48750,136000,동일,-0.13,,,,,,
20240112,48450,134100,동일,0.49,,,,,,
20240115,48750,134100,Zero,0.62,,,,,,
20240116,47700,132100,동일,-0.98,,,,,,
20240117,46850,131000,동일,-1.11,,,,,,
20240118,47400,136200,동일,-1.95,,,,,,
20240119,49050,141300,동일,0.51,,,,,,
20240122,50300,142600,동일,1.83,,,,,,
20240123,50700,140800,교차,1.81,,,,,,
20240124,50100,141500,교차,-1.57,,,,,,
20240125,49850,137400,동일,1.82,,,,,,
20240126,50300,136000,교차,1.71,,,,,,
20240129,50600,135000,교차,1.18,,,,,,
20240130,51500,136900,동일,0.65,,,,,,
20240131,51900,134700,교차,2.05,,,,,,
20240201,53600,132700,교차,4.45,Y,기업 밸류업 도입 기대에 따른 저PBR 순환매,,,,https://plus.hankyung.com/apps/newsinside.view?aid=202402020026a&category=
20240202,59500,134900,동일,9.71,Y,주요사항보고서(자기주식처분결정) | 매출액또는손익구조30%(대규모법인은15%)이상변경,,L,임직원 대상 자기주식 상여 지급,DART 20240202 rcpNo=20240202000580 | DART 20240202 rcpNo=20240202801107
20240205,59300,132300,동일,1.2,,,,,,
20240206,62400,138000,동일,1.84,,,,,,
20240207,66200,138000,Zero,6.08,Y,자기주식처분결과보고서,?,L,임직원 대상 자기주식 상여 지급,DART 20240207 rcpNo=20240207001098
20240208,65200,142800,교차,-4.44,Y,풍문또는보도에대한해명(미확정)              ,?,H,비핵심자회사의 할인 매각 가능성에 대한 시장 Noise,DART 20240208 rcpNo=20240208800934
20240213,65700,150000,동일,-3.27,Y,,,,,
20240214,63400,148700,동일,-2.83,,,,,,
20240215,62400,148700,Zero,-1.54,,,,,,
20240216,65500,146800,교차,6,Y,,,,,
20240219,69600,151300,동일,3.84,Y,정부 기업 밸류업 프로그램 기대에 저PBR·지주사 동반 강세,,,,https://www.paxnet.co.kr/stock/infoStock/marketView?market=KS1&sendDate=20240220&type=D
20240220,68700,149600,동일,-0.39,,,,,,
20240221,69300,149000,교차,1.19,,,,,,
20240222,72900,156500,동일,1.16,,,,,,
20240223,69300,161400,교차,-7.48,Y,,,,,
20240226,67300,161800,교차,-3.1,Y,Q4 ’23 Portfolio Update,-,H,핵심 자회사인 SK하이닉스의 실적 저조 지속,SK스퀘어 홈페이지 IR자료실 20240223 | SK스퀘어 홈페이지 뉴스룸 20240223
20240227,65300,153800,동일,1.08,,,,,,
20240228,68000,158000,동일,1.91,,,,,,
20240229,69900,156200,교차,3.73,Y,밸류업 지원방안 발표 후 외국인 저PBR주 매수 지속,,,,https://www.fnnews.com/news/202402291519589478
20240304,70200,166500,동일,-4.92,Y,,,,,
20240305,70700,165800,교차,1.06,,,,,,
20240306,71400,162900,교차,2.43,,,,,,
20240307,72300,164900,동일,0.27,,,,,,
20240308,75000,171900,동일,0.23,,,,,,
20240311,72700,166600,동일,-0.52,,,,,,
20240312,71900,165700,동일,-0.65,,,,,,
20240313,70300,163600,동일,-1.19,,,,,,
20240314,69300,161900,동일,-0.57,,,,,,
20240315,68600,161200,동일,-0.65,,,,,,
20240318,69000,164300,동일,-0.99,,,,,,
20240319,68700,160200,동일,1.58,,,,,,
20240320,69400,156500,교차,2.9,,,,,,
20240321,77000,170000,동일,3.94,Y,,,,,
20240322,80000,169800,교차,4.01,Y,최대주주등소유주식변동신고서               (SK하이닉스) | 독립이사의선임ㆍ해임또는중도퇴임에관한신고 (SK하이닉스),,,,DART(하이닉스) 20240322 rcpNo=20240322800871 | DART(하이닉스) 20240322 rcpNo=20240322000646
20240325,76700,169400,동일,-3.93,Y,,,,,
20240326,78700,176600,동일,-0.89,,,,,,
20240327,79300,181200,동일,-1.39,,,,,,
20240328,78600,178200,동일,0.51,,,,,,
20240329,79000,183000,동일,-1.72,,,,,,
20240401,75500,185500,교차,-5.59,Y,신탁계약해지결과보고서 | 주요사항보고서(자기주식취득신탁계약해지결정) | [기재정정]사외이사의선임ㆍ해임또는중도퇴임에관한신고,?,L,별도기준 본사의 일반적 사항,DART 20240401 rcpNo=20240401003812 | DART 20240401 rcpNo=20240401003703 | DART 20240401 rcpNo=20240401003415
20240402,77200,186300,동일,1.89,,,,,,
20240403,76500,179200,동일,2.28,,,,,,
20240404,78000,188000,동일,-2.13,,,,,,
20240405,75500,182800,동일,-0.88,,,,,,
20240408,73900,181200,동일,-1.38,,,,,,
20240409,74100,182900,동일,-0.52,,,,,,
20240411,73100,188400,교차,-3.85,Y,,,,,
20240412,77900,187400,교차,7.01,Y,,,,,
20240415,79800,188200,동일,2.09,,,,,,
20240416,80000,179100,교차,4.32,Y,,,,,
20240417,78800,178700,동일,-1.31,,,,,,
20240418,83700,182300,동일,4.53,Y,,,,,
20240419,76100,173300,동일,-4.95,Y,[기재정정]사업보고서 (2023.12) | [기재정정]반기보고서 (2023.06),?,L,"""[기재정정]"" 공시의 경우 기존 공시의 수정본. 해당 공시 2개는 기존 공시의 오류를 바로 잡고 일괄 공시한 케이스",DART 20240419 rcpNo=20240419000675 | DART 20240419 rcpNo=20240419000596
20240422,79700,171600,교차,5.54,Y,크래프톤 지분 2.2% 블록딜 추진,+,H,투자자산 (크래프톤) 지분 매각을 통해 유입된 현금이 주주환원에 활용될 것이라는 기대감,https://www.hankyung.com/article/2024042284401
20240423,82600,171000,교차,3.93,Y,크래프톤 블록딜에 따른 현금 확보와 주가 반응,+,H,투자자산 (크래프톤) 지분 매각을 통해 유입된 현금이 주주환원에 활용될 것이라는 기대감,https://www.fnnews.com/ampNews/202404230930115459
20240424,85500,179800,동일,-0.75,,,,,,
20240425,77800,170600,동일,-4.75,Y,특수관계인과의내부거래 (SK하이닉스) | [기재정정]특수관계인과의내부거래 (SK하이닉스) | 동일인등출자계열회사와의상품ㆍ용역거래변경 (SK하이닉스) | 연결재무제표기준영업(잠정)실적(공정공시)               (SK하이닉스),,,,DART(하이닉스) 20240425 rcpNo=20240425000211 | DART(하이닉스) 20240425 rcpNo=20240425000207 | DART(하이닉스) 20240425 rcpNo=20240425000201 | DART(하이닉스) 20240425 rcpNo=20240425800004
20240426,80600,177800,동일,0.12,,,,,,
20240429,78800,175900,동일,-1.35,,,,,,
20240430,76500,174200,동일,-2.12,,,,,,
20240502,75000,173600,동일,-1.67,,,,,,
20240503,74800,173200,동일,-0.08,,,,,,
20240507,76900,179600,동일,-0.26,,,,,,
20240508,78600,178000,교차,2.95,,,,,,
20240509,78100,175400,동일,0.58,,,,,,
20240510,80400,179900,동일,0.81,,,,,,
20240513,82900,183800,동일,1.3,,,,,,
20240514,79000,185300,교차,-5.39,Y,,,,,
20240516,80900,193000,동일,-1.07,,,,,,
20240517,82300,189900,교차,3.04,Y,Q1 ’24 Portfolio Update,+,H,핵심 자회사인 SK하이닉스의 실적 호조로 흑자전환,SK스퀘어 홈페이지 IR자료실 20240516
20240520,80800,190100,교차,-1.89,,,,,,
20240521,81800,192000,동일,0.41,,,,,,
20240522,82000,197700,동일,-2.26,,,,,,
20240523,83300,200000,동일,0.61,,,,,,
20240524,85400,198600,교차,3.12,Y,,,,,
20240527,84800,201500,교차,-1.93,,,,,,
20240528,83300,202500,교차,-2.2,,,,,,
20240529,81100,202500,Zero,-2.63,,,,,,
20240530,79400,195700,동일,0.77,,,,,,
20240531,77600,189200,동일,0.53,,,,,,
20240603,78200,194200,동일,-1.46,,,,,,
20240604,77300,193300,동일,-0.75,,,,,,
20240605,76800,193700,교차,-0.83,,,,,,
20240607,87500,207500,동일,7.92,Y,,,,,
20240610,89800,208000,동일,2.42,,,,,,
20240611,88100,212500,교차,-3.75,Y,,,,,
20240612,89800,215000,동일,0.92,,,,,,
20240613,93800,222000,동일,1.67,,,,,,
20240614,91400,221000,동일,-2.16,,,,,,
20240617,90700,223000,교차,-1.55,,,,,,
20240618,93400,234500,동일,-1.46,,,,,,
20240619,98500,233500,교차,5.83,Y,,,,,
20240620,98000,237500,교차,-2,,,,,,
20240621,97500,234000,동일,0.77,,,,,,
20240624,91200,223000,동일,-2.38,,,,,,
20240625,95600,225000,동일,4.04,Y,박성하 대표 사임,?,H,연중 대표이사 교체는 높은 중요도를 가지고 있는 부정적 뉴스의 일종이나. event 당일 잔차는 이러한 일반적 방향성을 역행함,https://www.newsis.com/view/NISX20240625_0002786207
20240626,102200,237000,동일,2.3,,,,,,
20240627,102200,236500,Zero,0.19,,,,,,
20240628,100000,236500,Zero,-2.15,,,,,,
20240701,100500,235500,교차,0.87,,,,,,
20240702,95500,232000,동일,-3.69,Y,,,,,
20240703,96500,236000,동일,-0.44,,,,,,
20240704,97300,230000,교차,3.03,Y,2024년 제1차 임시주주총회 소집 결의,?,H,연중 대표이사 교체로 인한 임시주주총회 소집,SK스퀘어 홈페이지 IR자료실 20240703
20240705,104200,236000,동일,4.84,Y,,,,,
20240708,103000,233500,동일,-0.23,,,,,,
20240709,103200,238500,동일,-1.67,,,,,,
20240710,103000,239000,교차,-0.38,,,,,,
20240711,106700,241000,동일,2.86,,,,,,
20240712,105300,233000,동일,1.58,,,,,,
20240715,105500,230000,교차,1.3,,,,,,
20240716,105500,233000,Zero,-1.13,,,,,,
20240717,97100,220500,동일,-3.31,Y,,,,,
20240718,89000,212500,동일,-5.22,Y,SK그룹 리밸런싱 우려로 주가 급락,?,L,"SK그룹이 Rebalancing Activity를 한 것은 사실이나, 리벨런싱이 주가를 급락 시키는 요인은 아님. 경우에 따라 보유 자산의 가치가 할증될 수도 있고 할인 될 수도 있음",https://www.mt.co.kr/stock/2024/07/18/2024071809255984493
20240719,88000,209500,동일,0.09,,,,,,
20240722,85700,205000,동일,-0.77,,,,,,
20240723,84700,205000,Zero,-1.17,,,,,,
20240724,83800,208500,교차,-2.51,,,,,,
20240725,80400,190000,동일,3.51,Y,연결재무제표기준영업(잠정)실적(공정공시)               (SK하이닉스),,,,DART(하이닉스) 20240725 rcpNo=20240725800021
20240726,83300,191800,동일,2.81,,,,,,
20240729,84500,195600,동일,-0.23,,,,,,
20240730,82100,188900,동일,0.06,,,,,,
20240731,86200,194600,동일,2.44,,,,,,
20240801,83300,193300,동일,-2.8,,,,,,
20240802,75900,173200,동일,-0.1,,,,,,
20240805,70400,156100,동일,0.98,,,,,,
20240806,74400,163700,동일,1.69,,,,,,
20240807,75200,169300,동일,-1.74,,,,,,
20240808,72200,163400,동일,-1.11,,,,,,
20240809,75700,171500,동일,0.78,,,,,,
20240812,77200,177000,동일,-0.68,,,,,,
20240813,77900,181900,동일,-1.39,,,,,,
20240814,82300,186700,동일,3.44,Y,Q2 ’24 Portfolio Update,+,H,핵심 자회사인 SK하이닉스의 실적 호조로 흑자 지속,SK스퀘어 홈페이지 IR자료실 20240813
20240816,88100,199700,동일,1.21,,,,,,
20240819,86200,193900,동일,0.31,,,,,,
20240820,89300,199700,동일,1.07,,,,,,
20240821,84100,192600,동일,-2.8,,,,,,
20240822,84800,191100,교차,1.49,,,,,,
20240823,81600,185500,동일,-1.3,,,,,,
20240826,80000,179600,동일,0.71,,,,,,
20240827,80800,175000,교차,3.13,Y,,,,,
20240828,81700,179300,동일,-0.92,,,,,,
20240829,76800,169700,동일,-1.55,,,,,,
20240830,78500,173700,동일,0.27,,,,,,
20240902,78500,174000,Zero,-0.14,,,,,,
20240903,80000,168300,교차,4.63,Y,,,,,
20240904,72900,154800,동일,-2.26,,,,,,
20240905,72800,159400,교차,-2.55,,,,,,
20240906,70800,156400,동일,-1.2,,,,,,
20240909,70600,157000,교차,-0.59,,,,,,
20240910,71600,155500,교차,2.21,,,,,,
20240911,72500,157200,동일,0.37,,,,,,
20240912,77400,168800,동일,0.74,,,,,,
20240913,77000,162800,동일,2.41,,,,,,
20240919,72700,152800,동일,-0.55,,,,,,
20240920,75700,157100,동일,1.86,,,,,,
20240923,79400,162000,동일,2.35,,,,,,
20240924,82900,163500,동일,3.65,Y,,,,,
20240925,77000,165300,교차,-8.02,Y,,,,,
20240926,85500,180900,동일,3.28,Y,특수관계인에대한증여 (SK하이닉스) | 동일인등출자계열회사와의상품ㆍ용역거래 (SK하이닉스),,,,DART(하이닉스) 20240926 rcpNo=20240926000131 | DART(하이닉스) 20240926 rcpNo=20240926000128
20240927,85200,183800,교차,-1.69,,,,,,
20240930,80800,174600,동일,-0.97,,,,,,
20241002,78200,169100,동일,-0.6,,,,,,
20241004,78600,174100,동일,-1.93,,,,,,
20241007,81000,184900,동일,-2.1,,,,,,
20241008,80800,178000,동일,2.87,,,,,,
20241010,84100,186700,동일,0.01,,,,,,
20241011,84500,186000,교차,0.79,,,,,,
20241014,86300,187500,동일,1.46,,,,,,
20241015,86400,192900,동일,-2.3,,,,,,
20241016,85000,188700,동일,0.22,,,,,,
20241017,87000,196000,동일,-0.9,,,,,,
20241018,88400,187300,교차,5.37,Y,팔라이저캐피탈의 NAV 할인 해소 요구,+,H,일반적으로 행동주의 투자자의 Activist Campaign은 주가 상승 요인 (Proxy Voting을 위한 표결집 가능성 증가와 이에대한 시장의 기대감 존재),https://news.einfomax.co.kr/news/articleView.html?idxno=4328841
20241021,86700,190900,교차,-3.53,Y,,,,,
20241022,86600,187800,동일,1.25,,,,,,
20241023,92100,196000,동일,2.69,,,,,,
20241024,90000,198200,교차,-3.22,Y,연결재무제표기준영업(잠정)실적(공정공시)               (SK하이닉스),,,,DART(하이닉스) 20241024 rcpNo=20241024800002
20241025,95500,201000,동일,4.92,Y,최대주주등소유주식변동신고서              ,?,L,별도기준 본사의 일반적 사항,DART 20241025 rcpNo=20241025800421
20241028,92700,196000,동일,-0.82,,,,,,
20241029,89900,190300,동일,-0.56,,,,,,
20241030,89600,195000,교차,-2.41,,,,,,
20241031,84800,186300,동일,-1.59,,,,,,
20241101,83900,182200,동일,0.79,,,,,,
20241104,89800,194000,동일,1.61,,,,,,
20241105,89100,193200,동일,-0.44,,,,,,
20241106,92400,195800,동일,2.57,,,,,,
20241107,92800,197400,동일,-0.27,,,,,,
20241108,95100,200500,동일,1.15,,,,,,
20241111,92600,192600,동일,0.71,,,,,,
20241112,89500,185800,동일,-0.36,,,,,,
20241113,85600,182900,동일,-3.04,Y,SK쉴더스 잔여 지분과 EQT 콜옵션 불확실성,-,M,"기사의 제목과 내용이 부정적이나 당시 Deal 확정전으로 아직 진행 중이었으며, 악의를 가진 기자가 작성한 기획기사 형태로 실질 영향력은 中 수준",https://www.investchosun.com/site/data/html_dir/2024/11/12/2024111280225.html
20241114,78300,173000,동일,-4.01,Y,분기보고서 (2024.09),+,H,핵심 자회사인 SK하이닉스의 실적 호조로 흑자 지속,DART 20241114 rcpNo=20241114002200
20241115,77600,178200,교차,-3.38,Y,"Q3 ’24 Portfolio Update | SK스퀘어, 2024년 3분기 실적 발표",+,H,핵심 자회사인 SK하이닉스의 실적 호조로 흑자 지속,SK스퀘어 홈페이지 IR자료실 20241114 | SK스퀘어 홈페이지 뉴스룸 20241114
20241118,78800,171700,교차,4.58,Y,3분기 어닝 서프라이즈 및 추가 주주환원 기대,,,,https://view.asiae.co.kr/article/2024111807505361126
20241119,78100,170600,동일,-0.36,,,,,,
20241120,79800,170600,Zero,2.18,,,,,,
20241121,80400,168800,교차,1.62,,,,,,
20241122,87500,176700,동일,4.97,Y,SK스퀘어 기업가치 제고 계획 (2024),+,H,첫 기업가치 제고계획을 통해 국내 기업 최초로 NAV할인율 목표치 (50%) 제시 및 경영진 KPI에 NAV 할인율 축소 항목을 추가,SK스퀘어 홈페이지 IR자료실 20241121
20241125,87700,177000,동일,0.09,,,,,,
20241126,84600,177100,교차,-3.58,Y,동일인등출자계열회사와의상품ㆍ용역거래 (SK하이닉스) | 동일인등출자계열회사와의상품ㆍ용역거래 (SK하이닉스) | 동일인등출자계열회사와의상품ㆍ용역거래 (SK하이닉스) | 동일인등출자계열회사와의상품ㆍ용역거래 (SK하이닉스),,,,DART(하이닉스) 20241126 rcpNo=20241126000448 | DART(하이닉스) 20241126 rcpNo=20241126000443 | DART(하이닉스) 20241126 rcpNo=20241126000439 | DART(하이닉스) 20241126 rcpNo=20241126000434
20241127,80300,168300,동일,-0.95,,,,,,
20241128,74000,161100,동일,-4.32,Y,SK스퀘어·CJ ENM의 웨이브 추가 투자,-,M,"부실 자회사의 Rebalancing은 중립적인 뉴스이나, 해당 Rebalancing 건은 본사의 현금 유출 (Capital Injection)으로 주가에는 부정적 영향 존재",https://core.asiae.co.kr/article/2024112808523263834
20241129,73500,159900,동일,-0.07,,,,,,
20241202,72900,158800,동일,-0.25,,,,,,
20241203,76500,164900,동일,1.8,,,,,,
20241204,75100,168000,교차,-3.37,Y,,,,,
20241205,78900,173000,동일,2.61,,,,,,
20241206,79400,167100,교차,3.46,Y,"SK스퀘어, ‘올해 ESG 우수기업’ 수상",?,L,별도기준 본사의 일반적 사항,SK스퀘어 홈페이지 뉴스룸 20241205
20241209,78800,168900,교차,-1.63,,,,,,
20241210,78200,170400,교차,-1.51,,,,,,
20241211,79200,171800,동일,0.6,,,,,,
20241212,82500,176100,동일,2.1,,,,,,
20241213,83300,175500,교차,1.25,,,,,,
20241216,86300,179300,동일,1.8,,,,,,
20241217,86800,184000,동일,-1.6,,,,,,
20241218,85500,183500,동일,-1.28,,,,,,
20241219,82300,175000,동일,0.13,,,,,,
20241220,78900,168500,동일,-1.04,,,,,,
20241223,82200,169600,동일,3.63,Y,티맵모빌리티의 UT 지분 49% 매각,?,M,자회사의 보유자산 (SK스퀘어에게는 손자회사)의 매각. 기존에 맺어져있던 주식교환을 Unwind하는 Deal로 SK스퀘어 주가에 미치는 영향은 미미,https://www.hankyung.com/amp/202412200522r
20241224,81200,168500,동일,-0.69,,,,,,
20241226,80900,170100,교차,-1.15,,,,,,
20241227,79900,174500,교차,-3.36,Y,,,,,
20241230,79300,173900,동일,-0.47,,,,,,
20250102,78600,171200,동일,0.41,,,,,,
20250103,84400,181900,동일,2.21,,,,,,
20250106,93100,199800,동일,2.09,,,,,,
20250107,93200,195000,교차,2.15,,,,,,
20250108,94100,194700,교차,1.1,,,,,,
20250109,93800,205000,교차,-4.79,Y,,,,,
20250110,94800,203500,교차,1.7,,,,,,
20250113,91200,194300,동일,0.05,,,,,,
20250114,89700,195000,교차,-1.95,,,,,,
20250115,90700,198200,동일,-0.27,,,,,,
20250116,94200,210000,동일,-1.18,,,,,,
20250117,97300,214500,동일,1.46,,,,,,
20250120,95500,212000,동일,-0.85,,,,,,
20250121,96000,218000,동일,-1.9,,,,,,
20250122,100700,225500,동일,1.95,,,,,,
20250123,99500,219500,동일,1.11,,,,,,
20250124,99900,221000,동일,-0.19,,,,,,
20250131,94100,199200,동일,2.68,,,,,,
20250203,87600,190900,동일,-3.37,Y,최대주주등소유주식변동신고서               (SK하이닉스),,,,DART(하이닉스) 20250203 rcpNo=20250203800633
20250204,88700,191100,동일,1.16,,,,,,
20250205,92600,198800,동일,1.01,,,,,,
20250206,98300,203500,동일,4.16,Y,,,,,
20250207,95400,203000,동일,-2.74,,,,,,
20250210,93200,198100,동일,-0.26,,,,,,
20250211,93300,199700,동일,-0.57,,,,,,
20250212,94900,198900,교차,2.05,,,,,,
20250213,97500,208500,동일,-1.35,,,,,,
20250214,100000,210000,동일,1.95,,,,,,
20250217,99900,212000,교차,-0.92,,,,,,
20250218,99100,210000,동일,0.01,,,,,,
20250219,104300,218500,동일,1.79,,,,,,
20250220,100900,212000,동일,-0.7,,,,,,
20250221,100100,209500,동일,0.22,,,,,,
20250224,97900,205000,동일,-0.37,,,,,,
20250225,94800,200500,동일,-1.3,,,,,,
20250226,96100,203000,동일,0.31,,,,,,
20250227,94500,199200,동일,-0.07,,,,,,
20250228,90100,190200,동일,-0.82,,,,,,
20250304,88900,186100,동일,0.49,,,,,,
20250305,91000,193100,동일,-0.8,,,,,,
20250306,90200,192400,동일,-0.57,,,,,,
20250307,89300,192400,Zero,-1,,,,,,
20250310,89200,187900,동일,1.86,,,,,,
20250311,87700,187800,동일,-1.63,,,,,,
20250312,92000,198900,동일,-0.06,,,,,,
20250313,92200,199700,동일,-0.12,,,,,,
20250314,93400,204500,동일,-0.74,,,,,,
20250317,93600,206000,동일,-0.42,,,,,,
20250318,93800,203000,교차,1.45,,,,,,
20250319,94700,205500,동일,-0.09,,,,,,
20250320,98900,210000,동일,2.58,,,,,,
20250321,101200,215500,동일,0.09,,,,,,
20250324,100300,211500,동일,0.7,,,,,,
20250325,99800,208000,동일,0.92,,,,,,
20250326,99700,214000,교차,-2.56,,,,,,
20250327,97900,207000,동일,0.99,,,,,,
20250328,96000,199300,동일,1.24,,,,,,
20250331,93400,190700,동일,0.96,,,,,,
20250401,92900,197000,교차,-3.33,Y,최대주주등소유주식변동신고서              ,?,L,별도기준 본사의 일반적 사항,DART 20250401 rcpNo=20250401800763
20250402,92900,197900,Zero,-0.38,,,,,,
20250403,91600,194600,동일,0.01,,,,,,
20250404,87300,182200,동일,0.69,,,,,,
20250407,77400,164800,동일,-3.34,Y,,,,,
20250408,78400,169500,동일,-1.06,,,,,,
20250409,75200,165000,동일,-1.88,,,,,,
20250410,85700,183200,동일,4.88,Y,,,,,
20250411,85100,180800,동일,0.39,,,,,,
20250414,84100,180200,동일,-0.91,,,,,,
20250415,84000,180600,교차,-0.31,,,,,,
20250416,81700,174000,동일,0.31,,,,,,
20250417,81800,175000,동일,-0.36,,,,,,
20250418,82400,175000,Zero,0.73,,,,,,
20250421,83700,176600,동일,0.8,,,,,,
20250422,81700,173800,동일,-1.07,,,,,,
20250423,85500,181000,동일,1.22,,,,,,
20250424,83700,178300,동일,-0.87,,,,,,
20250425,89700,184400,동일,4.32,Y,최대주주등소유주식변동신고서               (SK하이닉스),,,,DART(하이닉스) 20250425 rcpNo=20250425800190
20250428,86700,182000,동일,-2.25,,,,,,
20250429,87200,180800,교차,1.13,,,,,,
20250430,88900,177500,교차,3.47,Y,"SK스퀘어, 美∙日 AI∙반도체 기업 5곳 투자",+,L,주력 사업분야 (AI 및 반도체 투자) 신규투자 건이나 Early Stage 벤처 투자형태로 SK스퀘어의 규모 고려 시 중요도는 낮음,SK스퀘어 홈페이지 뉴스룸 20250429
20250502,91300,186000,동일,-1.27,,,,,,
20250507,92300,190800,동일,-1.06,,,,,,
20250508,93000,190300,교차,0.98,,,,,,
20250509,93700,190100,교차,0.84,,,,,,
20250512,95200,195000,동일,-0.58,,,,,,
20250513,99900,198500,동일,3.42,Y,,,,,
20250514,103500,206000,동일,0.4,,,,,,
20250515,100800,200500,동일,-0.34,,,,,,
20250516,102600,204500,동일,0.12,,,,,,
20250519,99800,199400,동일,-0.61,,,,,,
20250520,101100,202000,동일,0.18,,,,,,
20250521,100800,200500,동일,0.33,,,,,,
20250522,98500,196900,동일,-0.76,,,,,,
20250523,99100,200000,동일,-0.72,,,,,,
20250526,102500,203000,동일,2.15,,,,,,
20250527,100500,202500,동일,-1.76,,,,,,
20250528,108200,208000,동일,5.35,Y,,,,,
20250529,113200,212000,동일,2.99,,,,,,
20250530,114800,204500,교차,4.44,Y,,,,,
20250602,110300,207500,교차,-5.16,Y,,,,,
20250604,124700,217500,동일,8.95,Y,,,,,
20250605,129300,224500,동일,0.93,,,,,,
20250609,128600,229000,교차,-2.27,,,,,,
20250610,129200,230500,동일,-0.1,,,,,,
20250611,138400,240000,동일,3.55,Y,,,,,
20250612,140600,235500,교차,3.22,Y,,,,,
20250613,138800,235500,Zero,-1.28,,,,,,
20250616,149900,248000,동일,3.4,Y,,,,,
20250617,153400,249000,동일,1.99,,,,,,
20250618,148400,246500,동일,-2.38,,,,,,
20250619,148400,246000,Zero,0.18,,,,,,
20250620,155500,257000,동일,0.88,,,,,,
20250623,163700,259500,동일,4.41,Y,,,,,
20250624,181000,278500,동일,4.14,Y,,,,,
20250625,192200,286000,동일,3.8,Y,,,,,
20250626,187400,293000,교차,-4.67,Y,동일인등출자계열회사와의상품ㆍ용역거래 (SK하이닉스) | 동일인등출자계열회사와의상품ㆍ용역거래변경 (SK하이닉스),,,,DART(하이닉스) 20250626 rcpNo=20250626000114 | DART(하이닉스) 20250626 rcpNo=20250626000113
20250627,176300,284000,동일,-3.18,Y,,,,,
20250630,183000,292000,동일,1.3,,,,,,
20250701,185000,285500,교차,3.06,Y,,,,,
20250702,176200,279000,동일,-2.74,,,,,,
20250703,171800,278500,동일,-2.34,,1차 상법 개정안 국회 본회의 통과,,,,https://www.yna.co.kr/view/AKR20250703158800001
20250704,163200,270500,동일,-2.46,,,,,,
20250707,162000,271000,교차,-0.9,,,,,,
20250708,172900,282000,동일,3.15,Y,,,,,
20250709,181200,281000,교차,5.11,Y,,,,,
20250710,183600,297000,동일,-3.73,Y,카카오의 SK스퀘어 지분 1.86% 블록딜 추진,-,H,"주식시장 마감 이후 해당 뉴스가 언론에 보도되었으나, 실제 주식시장에는 Leak가 있었던 것으로 판단",https://www.mt.co.kr/tech/2025/07/10/2025071018120681261
20250711,174000,294500,동일,-4.48,Y,카카오 블록딜 소식 이후 주가 하락,-,H,당일 거래량의 75% 가까이 차지하며 주가 하락을 주도,https://www.fnnews.com/news/202507111609169485
20250714,178300,300000,동일,0.8,,,,,,
20250715,173000,298500,동일,-2.52,,,,,,
20250716,174100,296000,교차,1.39,,,,,,
20250717,158900,269500,동일,-0.75,,,,,,
20250718,160500,269000,교차,1.17,,,,,,
20250721,161400,272500,동일,-0.59,,,,,,
20250722,156800,268500,동일,-1.55,,,,,,
20250723,156000,269000,교차,-0.67,,,,,,
20250724,152000,269500,교차,-2.72,,,,,,
20250725,153000,266000,교차,1.81,,,,,,
20250728,150200,262000,동일,-0.5,,,,,,
20250729,149200,262500,교차,-0.84,,,,,,
20250730,148000,263500,교차,-1.14,,,,,,
20250731,152100,273500,동일,-0.57,,,,,,
20250801,140300,258000,동일,-2.74,,,,,,
20250804,140200,258000,Zero,-0.08,,,,,,
20250805,143500,263500,동일,0.48,,,,,,
20250806,140300,258500,동일,-0.56,,,,,,
20250807,141900,262000,동일,-0.05,,,,,,
20250808,139300,256500,동일,0.02,,,,,,
20250811,142000,267000,동일,-1.66,,,,,,
20250812,141500,269000,교차,-1.01,,,,,,
20250813,144600,278000,동일,-0.76,,,,,,
20250814,143700,276500,동일,-0.14,,,,,,
20250818,137600,267500,동일,-1.36,,,,,,
20250819,140400,263000,교차,3.51,Y,11번가 추가 희망퇴직과 매각 준비 가능성,?,L,"자회사의 실적부진 지속 및 연속 희망퇴직은 부정적 뉴스이나, SK스퀘어의 규모 고려 시 유의미한 수준 아님. 또한 시장 일부에서는 부실 자회사들의 몸집 줄이기를 당연하게 받아들이는 경우도 존재",https://tv.edaily.co.kr/News/NewsRead?Kind=257&NewsId=03696566642268960
20250820,137100,255500,동일,0.16,,,,,,
20250821,135200,245000,동일,2.21,,,,,,
20250822,135200,251000,Zero,-2.13,,,,,,
20250825,144800,259500,동일,4.14,Y,2차 상법 개정안 국회 본회의 통과,,,,https://www.newspim.com/news/view/20250824000182
20250826,141200,261500,교차,-3.17,Y,,,,,
20250827,139900,260000,동일,-0.42,,,,,,
20250828,149600,268500,동일,4.05,Y,주요사항보고서(자기주식처분결정),?,L,임직원 대상 자기주식 상여 지급,DART 20250828 rcpNo=20250828001539
20250829,149000,269000,교차,-0.57,,,,,,
20250901,145000,256000,동일,1.58,,,,,,
20250902,143600,260500,교차,-2.51,,,,,,
20250903,143900,262500,동일,-0.46,,,,,,
20250904,149400,265500,동일,2.81,,,,,,
20250905,152800,273500,동일,-0.38,,,,,,
20250908,153600,277000,동일,-0.62,,,,,,
20250909,162000,288000,동일,1.94,,,,,,
20250910,174300,304000,동일,2.65,,,,,,
20250911,182100,307000,동일,3.6,Y,,,,,
20250912,197300,328500,동일,2.09,,,,,,
20250915,200500,331000,동일,0.93,,,,,,
20250916,206000,348000,동일,-1.89,,,,,,
20250917,200500,333500,동일,1.11,,,,,,
20250918,208500,353000,동일,-1.29,,,,,,
20250919,216500,353000,Zero,3.84,Y,,,,,
20250922,215500,351000,동일,0.06,,,,,,
20250923,220000,361000,동일,-0.49,,,,,,
20250924,217500,357500,동일,-0.25,,,,,,
20250925,211000,356500,동일,-2.73,,,,,,
20250926,195300,336500,동일,-2.34,,,,,,
20250929,197100,349000,동일,-2.44,,,,,,
20250930,201500,347500,교차,2.62,,,,,,
20251001,205500,360000,동일,-1.27,,,,,,
20251002,238000,395500,동일,6.85,Y,신탁계약해지결과보고서,?,L,별도기준 본사의 일반적 사항,DART 20251002 rcpNo=20251002000443
20251010,247000,428000,동일,-3.75,Y,,,,,
20251013,245500,415000,동일,2.19,,,,,,
20251014,234500,411500,동일,-3.7,Y,,,,,
20251015,243500,422500,동일,1.38,,,,,,
20251016,257500,452500,동일,-0.79,,,,,,
20251017,257500,465500,Zero,-2.66,,,,,,
20251020,262000,485500,동일,-2.24,,,,,,
20251021,256000,479000,동일,-1.04,,,,,,
20251022,258500,481500,동일,0.49,,,,,,
20251023,253000,478500,동일,-1.55,,,,,,
20251024,271000,510000,동일,0.99,,,,,,
20251027,291500,535000,동일,2.98,,,,,,
20251028,272000,521000,동일,-4.24,Y,11번가 FI 투자금 상환 안건 검토,-,H,SK스퀘어 본사의 부실 자회사 지원 가능성에 대한 시장의 우려 반영,https://www.mk.co.kr/news/business/11453795
20251029,275000,558000,동일,-5.54,Y,특수관계인에대한출자 | 특수관계인에대한주식의처분 | 특수관계인에대한출자 | 타법인주식및출자증권처분결정              ,-,M,Portfolio Rebalancing (비핵심 자회사들에 대한 지배구조조정). 일부 부실 자회사들의 경우 SK스퀘어 본사의 현금을 지원 (Capital Injection). 연결 기준 현금 유출은 없음,DART 20251029 rcpNo=20251029000344 | DART 20251029 rcpNo=20251029000340 | DART 20251029 rcpNo=20251029000335 | DART 20251029 rcpNo=20251029800644
20251030,281000,568000,동일,0.5,,,,,,
20251031,260000,559000,동일,-5.98,Y,특수관계인에대한주식의처분,+,L,Portfolio Rebalancing (비핵심 자회사들에 대한 지배구조조정). 상장 기업 매각. 연결기준 현금 유입 되었으나 그 규모는 SK스퀘어 전체 시가총액 규모 대비 미미함,DART 20251031 rcpNo=20251031000279
20251103,282500,620000,동일,-1.6,,,,,,
20251104,274000,586000,동일,2.17,,,,,,
20251105,260000,579000,동일,-3.98,Y,,,,,
20251106,270000,593000,동일,1.57,,,,,,
20251107,279000,580000,교차,5.4,Y,서드포인트의 SK하이닉스·SK스퀘어 투자 공개,+,H,일반적으로 행동주의 투자자의 Activist Campaign은 주가 상승 요인 (Proxy Voting을 위한 표결집 가능성 증가와 이에대한 시장의 기대감 존재),https://www.theguru.co.kr/news/article.html?no=94043
20251110,290000,606000,동일,-0.28,,,,,,
20251111,311500,619000,동일,5.39,Y,,,,,
20251112,322500,617000,교차,3.83,Y,,,,,
20251113,323500,612000,교차,1.07,,,,,,
20251114,291000,560000,동일,-2.02,,,,,,
20251117,304500,606000,동일,-3.08,Y,,,,,
20251118,283500,570000,동일,-1.29,,,,,,
20251119,283000,562000,동일,1.14,,,,,,
20251120,293500,571000,동일,2.2,,,,,,
20251121,266000,521000,동일,-1.13,,,,,,
20251124,276000,520000,교차,3.94,Y,기업가치제고계획(자율공시)              (2025년),+,H,첫 기업가치 제고계획을 통해 국내 기업 최초로 제시한 NAV할인율 목표치 (50%) 조기 달성에 따라 신규 목표치인 (30%) 제시 및 경영진 KPI에 NAV 할인율 축소 항목을 추가,DART 20251124 rcpNo=20251124800241
20251125,290500,519000,교차,5.43,Y,SK스퀘어 기업가치 제고 계획 (2025),+,H,첫 기업가치 제고계획을 통해 국내 기업 최초로 제시한 NAV할인율 목표치 (50%) 조기 달성에 따라 신규 목표치인 (30%) 제시 및 경영진 KPI에 NAV 할인율 축소 항목을 추가,SK스퀘어 홈페이지 IR자료실 20251124
20251126,291000,524000,동일,-0.73,,,,,,
20251127,301000,544000,동일,-0.13,,,,,,
20251128,298000,530000,동일,1.41,,,,,,
20251201,302000,538000,동일,-0.07,,,,,,
20251202,308500,558000,동일,-1.33,,,,,,
20251203,310500,552000,교차,1.66,,,,,,
20251204,312500,542000,교차,2.34,,,,,,
20251205,302000,544000,교차,-3.71,Y,,,,,
20251208,322000,577000,동일,0.93,,,,,,
20251209,323000,566000,교차,2.1,,,,,,
20251210,324000,587000,동일,-3.18,Y,조회공시요구(풍문또는보도)에대한답변(미확정)               (SK하이닉스),,,,DART(하이닉스) 20251210 rcpNo=20251210800001
20251211,307500,565000,동일,-1.56,,,,,,
20251212,308000,571000,동일,-0.84,,,,,,
20251215,292500,554000,동일,-2.23,,,,,,
20251216,281000,530000,동일,0.14,,,,,,
20251217,283000,551000,동일,-3,Y,,,,,
20251218,290500,552000,동일,2.48,,,,,,
20251219,290500,547000,Zero,0.85,,,,,,
20251222,315000,580000,동일,2.77,,,,,,
20251223,315000,584000,Zero,-0.65,,,,,,
20251224,321000,588000,동일,1.26,,,,,,
20251226,334500,599000,동일,2.45,,,,,,
20251229,346000,640000,동일,-3.01,Y,최재원 수석부회장의 SK스퀘어 이동,-,L,대기업 총수와 가족관계의 인물이 SK스퀘어 미등기 임원으로 입사,https://www.mk.co.kr/news/business/11916999
20251230,368000,651000,동일,4.73,Y,,,,,
20260102,392000,677000,동일,2.74,,,,,,
20260105,416000,696000,동일,3.46,Y,,,,,
20260106,432000,726000,동일,-0.25,,,,,,
20260107,429500,742000,교차,-2.68,,,,,,
20260108,430500,756000,동일,-1.57,,,,,,
20260109,430500,744000,Zero,1.52,,,,,,
20260112,427500,749000,교차,-1.34,,,,,,
20260113,426500,738000,동일,1.17,,,,,,
20260114,435500,742000,동일,1.59,,,,,,
20260115,429500,749000,교차,-2.28,,,,,,
20260116,446500,756000,동일,3.07,Y,,,,,
20260119,435500,764000,교차,-3.47,Y,,,,,
20260120,427000,743000,동일,0.67,,,,,,
20260121,430000,740000,교차,1.09,,,,,,
20260122,446500,755000,동일,1.91,,,,,,
20260123,445500,767000,교차,-1.74,,,,,,
20260126,441000,736000,동일,2.85,,,,,,
20260127,473000,800000,동일,-1.03,,,,,,
20260128,504000,841000,동일,1.65,,,,,,
20260129,531000,861000,동일,3.08,Y,SK하이닉스 실적·배당·자사주 소각 수혜,+,H,핵심 자회사 (SK하이닉스)의 실적 호조로 인한 현금 유입 가능성 확대와 이를 부각한 애널리스트 레포트 발간으로 뉴스 효과 확대,https://www.mt.co.kr/amp/stock/2026/01/29/2026012908371986692
20260130,570000,909000,동일,1.99,,,,,,
20260202,505000,830000,동일,-3.04,Y,SK하이닉스보다 큰 폭으로 하락한 수급 현상,-,H,"2025년 10월 SK하이닉스는 주가 급등으로 증시 시가총액 비중 10%를 넘겨 자본시장법상 공모펀드 단일종목 편입한도가 적용. 동기간 SK하이닉스로 향하지 못한 기관 자금이 SK스퀘어로 쏠렸고, 이후 SK하이닉스가 공모펀드 단일종목 편입한도에 대한 예외조항을 적용 받으면서, 투자자들이 SK스퀘어를 매도하며 주가 급락을 촉발",https://www.mt.co.kr/stock/2026/02/02/2026020216432348049
20260203,546000,907000,동일,-0.77,,,,,,
20260204,569000,900000,교차,4.95,Y,,,,,
20260205,534000,842000,동일,0.05,,,,,,
20260206,514000,839000,동일,-3.41,Y,자기주식처분결과보고서 (SK하이닉스),,,,DART(하이닉스) 20260206 rcpNo=20260206001987
20260209,563000,887000,동일,4.03,Y,자사주 소각 의무화 3차 상법 개정안 처리 기대,,,,https://www.etoday.co.kr/news/view/2554436
20260210,543000,876000,동일,-2.36,,,,,,
20260211,532000,860000,동일,-0.27,,,,,,
20260212,570000,888000,동일,4.02,Y,,,,,
20260213,558000,880000,동일,-1.25,,,,,,
20260219,566000,894000,동일,-0.1,,,,,,
20260220,580000,949000,동일,-3.44,Y,,,,,
20260223,580000,951000,Zero,-0.2,,,,,,
20260224,617000,1005000,동일,0.91,,,,,,
20260225,647000,1018000,동일,3.61,Y,Q4 ’25 Portfolio Update,+,H,핵심 자회사인 SK하이닉스의 실적 호조로 흑자 지속,SK스퀘어 홈페이지 IR자료실 20260224
20260226,679000,1099000,동일,-2.73,,,,,,
20260227,645000,1061000,동일,-1.66,,,,,,
20260303,581000,939000,동일,1.2,,,,,,
20260304,507000,849000,동일,-3.5,Y,,,,,
20260305,566000,941000,동일,1.24,,,,,,
20260306,553000,924000,동일,-0.56,,,,,,
20260309,509000,836000,동일,1.21,,,,,,
20260310,554000,938000,동일,-2.86,,,,,,
20260311,565000,955000,동일,0.24,,,,,,
20260312,554000,930000,동일,0.57,,,,,,
20260313,534000,910000,동일,-1.54,,,,,,
20260316,562000,974000,동일,-1.52,,,,,,
20260317,587000,970000,교차,4.85,Y,사업보고서 (2025.12),+,H,핵심 자회사인 SK하이닉스의 실적 호조로 흑자 지속,DART 20260317 rcpNo=20260317000830
20260318,630000,1056000,동일,-1.22,,,,,,
20260319,611000,1013000,동일,0.92,,,,,,
20260320,608000,1007000,동일,0.08,,,,,,
20260323,557000,933000,동일,-1.3,,,,,,
20260324,595000,986000,동일,1.35,,,,,,
20260325,605000,995000,동일,0.8,,,,,,
20260326,558000,933000,동일,-1.76,,,,,,
20260327,544000,922000,동일,-1.37,,,,,,
20260330,510000,873000,동일,-1.13,,,,,,
20260331,466500,807000,동일,-1.26,,,,,,
20260401,501000,893000,동일,-2.81,,,,,,
20260402,469500,830000,동일,0.49,,,,,,
20260403,483000,876000,동일,-2.43,,,,,,
20260406,487000,886000,동일,-0.27,,,,,,
20260407,499000,916000,동일,-0.79,,,,,,
20260408,578000,1033000,동일,3.54,Y,,,,,
20260409,560000,998000,동일,0.17,,,,,,
20260410,568000,1027000,동일,-1.38,,,,,,
20260413,580000,1040000,동일,0.89,,,,,,
20260414,640000,1103000,동일,4.48,Y,,,,,
20260415,665000,1136000,동일,1.01,,,,,,
20260416,690000,1155000,동일,2.14,,,,,,
20260417,682000,1128000,동일,1.11,,,,,,
20260420,701000,1166000,동일,-0.47,,,,,,
20260421,718000,1224000,동일,-2.4,,,,,,
20260422,720000,1223000,교차,0.36,,,,,,
20260423,728000,1225000,동일,0.95,,,,,,
20260424,725000,1222000,동일,-0.17,,,,,,
20260427,789000,1292000,동일,3.27,Y,,,,,
20260428,811000,1300000,동일,2.19,,,,,,
20260429,830000,1293000,교차,2.86,,,,,,
20260430,841000,1286000,교차,1.86,,,,,,
20260504,991000,1447000,동일,5.66,Y,,,,,
20260506,1089000,1601000,동일,-0.49,,,,,,
20260507,1099000,1654000,동일,-2.32,,,,,,
20260508,1098000,1686000,교차,-1.98,,,,,,
20260511,1187000,1880000,동일,-3.15,Y,,,,,
20260512,1126000,1835000,동일,-2.79,,,,,,
20260513,1190000,1976000,동일,-1.86,,,,,,
20260514,1171000,1970000,동일,-1.3,,,,,,
20260515,1098000,1819000,동일,1.3,,,,,,
20260518,1093000,1840000,교차,-1.59,,,,,,
20260519,1020000,1745000,동일,-1.62,,,,,,
20260520,1029000,1745000,Zero,0.88,,,,,,
20260521,1179000,1940000,동일,3.63,Y,역대 최고 실적과 첫 현금배당,+,H,핵심자회사의 실적 호조 및 첫 현금 배당 실시에 대한 기대감,https://m.news.nate.com/view/20260521n08123
20260522,1185000,1941000,동일,0.46,,,,,,
20260526,1181000,2052000,교차,-5.95,Y,,,,,
20260527,1276000,2243000,동일,-1.11,,,,,,
20260528,1237000,2289000,교차,-5.08,Y,코리아 밸류업 지수 신규 편입,?,M,"SK스퀘어는 정부의 Korea Value-up Movement의 모범 사례였기 때문에 해당 event는 스퀘어 주가에 긍정적이어야 하는것이 정상이나, 해당 event가 당일 잔차를 설명하기 어려움",https://www.mt.co.kr/stock/2026/05/28/2026052817033037034
20260529,1233000,2333000,교차,-2.21,,,,,,
20260601,1256000,2363000,동일,0.6,,,,,,
20260602,1346000,2360000,교차,7.3,Y,,,,,
20260604,1361000,2298000,교차,3.7,Y,,,,,
20260605,1258000,2070000,동일,2.2,,,,,,
20260608,1118000,1911000,동일,-3.58,Y,,,,,
20260609,1269000,2215000,동일,-2.11,,,,,,
20260610,1183000,2048000,동일,0.64,,,,,,
20260611,1228000,2101000,동일,1.25,,,,,,
20260612,1358000,2150000,동일,8.3,Y,,,,,
20260615,1413000,2288000,동일,-2.26,,,,,,
20260616,1501000,2382000,동일,2.18,,,,,,
20260617,1596000,2521000,동일,0.58,,,,,,
20260618,1700000,2685000,동일,0.11,,,,,,
20260619,1780000,2764000,동일,1.81,,,,,,
20260622,1970000,2919000,동일,5.13,Y,목표주가 상향 및 반도체 M&A 후보 검토,+,M,연이은 주가 상승에 대한 시장의 기대감이 반영된 결과,https://www.mt.co.kr/stock/2026/06/22/2026062208025096682
20260623,1832000,2555000,동일,5.31,Y,장중 신고가 후 7% 하락 마감,?,M,SK하이닉스의 미국 주식예탁증서(ADR) 상장 추진과 주주환원 확대 기대감이 부각되면서 SK스퀘어의 순자산가치(NAV) 재평가가 이뤄지고 있다는 분석,https://www.newsis.com/view/NISX20260623_0003680440
20260624,1799000,2580000,교차,-2.77,,,,,,
20260625,1899000,2917000,동일,-7.32,Y,지속가능경영보고서등관련사항(자율공시)               (SK하이닉스),,,,DART(하이닉스) 20260625 rcpNo=20260625800489
20260626,1720000,2673000,동일,-1.17,,,,,,
20260629,1640000,2628000,동일,-2.99,,,,,,
20260630,1697000,2650000,동일,2.65,,,,,,
20260701,1757000,2560000,교차,6.89,Y,국민연금 리밸런싱과 SK스퀘어 대규모 순매도,-,L,"국민연금의 리벨런싱으로 인한 SK스퀘어 대규모 순매도는 SK스퀘어 주가에 부정적인 뉴스이나, 국민연금 리벨런싱 관련 뉴스는 이미 여러 차례 언론을 통해 예고 된 바 있음",https://www.newsis.com/view/NISX20260701_0003692062
20260702,1525000,2187000,동일,1.17,,,,,,
20260703,1589000,2425000,동일,-6.51,Y,,,,,
20260706,1495000,2343000,동일,-2.59,,,,,,
20260707,1356000,2201000,동일,-3.33,Y,,,,,
20260708,1270000,2076000,동일,-0.75,,,,,,
20260709,1327000,2186000,동일,-0.72,,,,,,
20260710,1409000,2180000,교차,6.45,Y,[기재정정]주요사항보고서(유상증자결정)(자회사의 주요경영사항)               | [기재정정]주요사항보고서(해외증권시장주권등상장결정)(자회사의 주요경영사항)               | [기재정정]증권예탁증권(DR)발행결정(자회사의 주요경영사항)              ,+,H,핵심 자회사인 SK하이닉스이 ADR (American Depository Reciept) 상장 관련 공시,DART 20260710 rcpNo=20260710800091 | DART 20260710 rcpNo=20260710800034 | DART 20260710 rcpNo=20260710800024
20260713,1161000,1845000,동일,-2.48,,,,,,
20260714,1190000,1913000,동일,-1.12,,,,,,
20260715,1382000,2082000,동일,7.46,Y,SK하이닉스 ADR·반도체 반등과 주가 급등,?,L,"기사의 제목은 긍정적인 뉴스이나, 실제 내용은 시황 설명 중심",https://www.mt.co.kr/stock/2026/07/15/2026071509133988607
20260716,1212000,1842000,동일,-0.97,,,,,,
20260720,1177000,1764000,동일,1.26,,,,,,
20260721,1253000,1836000,동일,2.46,,,,,,
20260722,1230000,1830000,동일,-1.52,,,,,,
20260723,1221000,1919000,교차,-5.5,Y,,,,,
20260724,1109000,1759000,동일,-0.99,,,,,,
20260727,1096000,1816000,교차,-4.35,Y,,,,,
