date,foreign_own_pct,individual_net
2021-11-29,43.2,51981697100
2021-11-30,42.9,87279459500
2021-12-01,42.78,64212023900
2021-12-02,42.3,-1458405000
2021-12-03,42.44,51421408800
2021-12-06,42.16,36169361600
2021-12-07,41.28,39877338300
2021-12-08,40.8,21743291600
2021-12-09,40.56,19648872000
2021-12-10,40.0,25349714800
2021-12-13,39.8,12674122200
2021-12-14,39.66,31981339300
2021-12-15,39.4,40418574200
2021-12-16,39.03,41107718400
2021-12-17,38.44,22903793100
2021-12-20,38.2,4098750200
2021-12-21,37.97,-1521441300
2021-12-22,37.7,-49553747200
2021-12-23,37.88,-4639344800
2021-12-24,37.97,-13781091600
2021-12-27,38.1,-6858214800
2021-12-28,38.25,-13654784200
2021-12-29,38.4,5632547200
2021-12-30,38.4,-6096416000
2022-01-03,38.56,-1363854100
2022-01-04,38.56,-42356414600
2022-01-05,38.7,16376710600
2022-01-06,38.56,39193252800
2022-01-07,38.4,26997120000
2022-01-10,38.16,38167724400
2022-01-11,37.84,18046029500
2022-01-12,37.6,3728250200
2022-01-13,37.47,15260790400
2022-01-14,37.3,-1580330400
2022-01-17,37.38,-1348347100
2022-01-18,37.34,-37648065400
2022-01-19,37.72,858432300
2022-01-20,37.72,5595436600
2022-01-21,37.62,3256247200
2022-01-24,37.6,-7018994800
2022-01-25,37.66,9685337400
2022-01-26,37.53,-1948104500
2022-01-27,37.53,14054381300
2022-01-28,37.44,14210821100
2022-02-03,37.22,708822200
2022-02-04,37.28,1537849700
2022-02-07,37.2,2139890600
2022-02-08,37.22,-9682997000
2022-02-09,37.3,-14548229000
2022-02-10,37.44,6270094100
2022-02-11,37.5,-2179095700
2022-02-14,37.62,-1087466000
2022-02-15,37.66,25319984500
2022-02-16,37.6,-20187868000
2022-02-17,37.88,-6428001800
2022-02-18,38.06,1191090900
2022-02-21,38.06,-12872824000
2022-02-22,38.2,-8131920200
2022-02-23,38.38,-18410828100
2022-02-24,38.66,3063043500
2022-02-25,38.66,-15299460300
2022-02-28,38.94,9898492500
2022-03-02,39.2,25364680600
2022-03-03,39.1,1019941700
2022-03-04,39.12,27293576600
2022-03-07,38.8,32707627400
2022-03-08,38.5,13913820850
2022-03-10,38.38,-19443618000
2022-03-11,38.66,2405609900
2022-03-14,38.78,-4797285300
2022-03-15,38.84,2445451300
2022-03-16,38.72,6045519200
2022-03-17,38.72,-16677150800
2022-03-18,39.0,-8042161500
2022-03-21,39.16,-1563810400
2022-03-22,39.12,-3936455100
2022-03-23,39.22,-11838338000
2022-03-24,39.28,7685189100
2022-03-25,39.25,-1512630000
2022-03-28,39.28,-21749015500
2022-03-29,39.5,1226137700
2022-03-30,39.4,3941418400
2022-03-31,39.34,-3812247300
2022-04-01,39.38,2637368500
2022-04-04,39.38,382322600
2022-04-05,39.38,-2177902800
2022-04-06,39.47,2243877200
2022-04-07,39.5,5153416200
2022-04-08,39.6,-985016900
2022-04-11,39.62,-1361391200
2022-04-12,39.6,42840100
2022-04-13,39.6,-10836451200
2022-04-14,39.72,-5818156700
2022-04-15,39.8,-219530600
2022-04-18,39.78,5690135400
2022-04-19,39.6,-4848098600
2022-04-20,39.66,-2269764400
2022-04-21,39.8,1802166600
2022-04-22,39.8,2387072400
2022-04-25,39.84,-2915487500
2022-04-26,39.9,187414400
2022-04-27,39.94,6140936600
2022-04-28,39.94,3288516100
2022-04-29,39.97,1678272700
2022-05-02,39.9,9718911900
2022-05-03,39.9,17625500
2022-05-04,39.94,7837353100
2022-05-06,39.9,16314309800
2022-05-09,39.8,11792208550
2022-05-10,39.75,824617950
2022-05-11,39.8,6018830750
2022-05-12,39.84,785019800
2022-05-13,39.9,-2559860700
2022-05-16,39.97,533566350
2022-05-17,39.97,167125800
2022-05-18,39.94,-1833805900
2022-05-19,40.0,-3662746800
2022-05-20,40.12,-7650415800
2022-05-23,40.28,-2330415900
2022-05-24,40.3,1241590100
2022-05-25,40.34,-890532100
2022-05-26,40.34,-390211150
2022-05-27,40.34,-1721621000
2022-05-30,40.4,-4031168550
2022-05-31,40.47,702246550
2022-06-02,40.53,5548661100
2022-06-03,40.47,-4483481800
2022-06-07,40.53,7268807600
2022-06-08,40.47,-4181692200
2022-06-09,40.53,-2320648100
2022-06-10,40.53,1212291150
2022-06-13,40.53,837443750
2022-06-14,40.5,-4554532950
2022-06-15,40.6,-949010100
2022-06-16,40.62,-3581772050
2022-06-17,40.72,-4560902100
2022-06-20,40.78,-1678968200
2022-06-21,40.78,623336250
2022-06-22,40.8,-3721731300
2022-06-23,40.88,-3508814250
2022-06-24,40.88,-6102511750
2022-06-27,40.97,-2761608350
2022-06-28,41.03,1791372350
2022-06-29,40.97,782561500
2022-06-30,41.0,6308050900
2022-07-01,40.9,-1991552000
2022-07-04,40.9,510734300
2022-07-05,40.9,-3792847200
2022-07-06,40.94,3373800700
2022-07-07,40.94,-6619502350
2022-07-08,41.03,151316700
2022-07-11,41.06,-1107006950
2022-07-12,41.06,-1699234300
2022-07-13,41.12,-4131972300
2022-07-14,41.16,3364608400
2022-07-15,41.12,-1619222950
2022-07-18,41.12,-648517500
2022-07-19,41.16,-30145450
2022-07-20,41.2,-2224828000
2022-07-21,41.25,-1026888750
2022-07-22,41.28,861238350
2022-07-25,41.28,-1081116500
2022-07-26,41.28,-335252050
2022-07-27,41.28,-3878166300
2022-07-28,41.25,-1770495200
2022-07-29,41.22,-1123298750
2022-08-01,41.22,-489208000
2022-08-02,41.2,2975652750
2022-08-03,41.25,-223641700
2022-08-04,41.28,291364200
2022-08-05,41.3,-1902527150
2022-08-08,41.3,-230246400
2022-08-09,41.34,2066313700
2022-08-10,41.28,-1688853350
2022-08-11,41.38,-6957678650
2022-08-12,41.38,1740256350
2022-08-16,41.34,-1667489050
2022-08-17,41.34,479755700
2022-08-18,41.3,473673250
2022-08-19,41.34,1270617300
2022-08-22,41.34,4807522700
2022-08-23,41.3,2448766450
2022-08-24,41.3,2594676500
2022-08-25,41.28,472049800
2022-08-26,41.28,-476514450
2022-08-29,41.28,1327046250
2022-08-30,41.3,1980265050
2022-08-31,41.3,-1601148700
2022-09-01,41.38,2697275200
2022-09-02,41.4,2213819250
2022-09-05,41.5,-2279065050
2022-09-06,41.5,-3597009000
2022-09-07,41.56,390965950
2022-09-08,41.6,-18125162400
2022-09-13,41.1,-6254183250
2022-09-14,41.22,-2626628900
2022-09-15,41.25,-1330385350
2022-09-16,41.3,225780000
2022-09-19,41.25,-611942800
2022-09-20,41.28,1128238900
2022-09-21,41.25,1409397850
2022-09-22,41.25,-71760200
2022-09-23,41.25,-820570800
2022-09-26,41.28,1804839900
2022-09-27,41.22,2662187550
2022-09-28,41.22,-3666782250
2022-09-29,41.3,-507207550
2022-09-30,41.34,-1521005750
2022-10-04,41.38,-4187687650
2022-10-05,41.4,-4798899350
2022-10-06,41.53,-723283500
2022-10-07,41.53,-1599093050
2022-10-11,41.6,-1602936800
2022-10-12,41.75,-2060994650
2022-10-13,41.78,-798874100
2022-10-14,41.8,1850424150
2022-10-17,41.9,-2937957200
2022-10-18,41.97,1016403650
2022-10-19,41.94,-1007063100
2022-10-20,42.0,141581400
2022-10-21,42.03,-802654550
2022-10-24,42.03,-2088985700
2022-10-25,42.03,265824400
2022-10-26,42.03,-2135559700
2022-10-27,42.1,-2513010300
2022-10-28,42.12,7190237650
2022-10-31,42.06,306815150
2022-11-01,42.06,917471750
2022-11-02,42.06,954541750
2022-11-03,42.06,11942607200
2022-11-04,41.9,-187745800
2022-11-07,41.94,-7285673350
2022-11-08,42.03,-2892088850
2022-11-09,42.06,-3922093350
2022-11-10,42.12,-1514095800
2022-11-11,42.1,-7267374350
2022-11-14,42.12,-1153588850
2022-11-15,42.12,1043904850
2022-11-16,42.12,-1105290100
2022-11-17,42.12,2889045200
2022-11-18,42.1,2685864750
2022-11-21,42.1,3677404900
2022-11-22,42.0,4414668000
2022-11-23,41.97,-2055294450
2022-11-24,41.97,1560917550
2022-11-25,41.97,985950450
2022-11-28,41.97,1756837000
2022-11-29,41.94,118566750
2022-11-30,41.94,-2225979800
2022-12-01,42.03,-12271950
2022-12-02,42.0,480371400
2022-12-05,42.03,4276723900
2022-12-06,41.94,4390175600
2022-12-07,41.9,2476608650
2022-12-08,41.88,-6836150
2022-12-09,41.84,139340800
2022-12-12,41.8,-1041657600
2022-12-13,41.8,998406150
2022-12-14,41.78,-375426500
2022-12-15,41.8,738967150
2022-12-16,41.8,1204071450
2022-12-19,41.8,-2374046600
2022-12-20,41.88,1739289050
2022-12-21,41.84,-312048150
2022-12-22,41.84,-4433132450
2022-12-23,41.9,1674225250
2022-12-26,42.47,-474897850
2022-12-27,42.53,-4636194000
2022-12-28,42.56,2220188150
2022-12-29,42.56,2539287500
2023-01-02,42.62,1326769400
2023-01-03,42.5,2633655450
2023-01-04,42.38,-3697888400
2023-01-05,42.28,220882950
2023-01-06,42.34,-1529770700
2023-01-09,42.38,-1651663600
2023-01-10,42.4,-2281383250
2023-01-11,42.44,-2920614600
2023-01-12,42.47,-3403957050
2023-01-13,42.53,-944034100
2023-01-16,42.53,36577800
2023-01-17,42.5,329444750
2023-01-18,42.47,-105932300
2023-01-19,42.47,-43093400
2023-01-20,42.47,451159700
2023-01-25,42.44,-2559721250
2023-01-26,42.44,-3180597400
2023-01-27,42.47,-4003330450
2023-01-30,42.53,-615654450
2023-01-31,42.47,3888904700
2023-02-01,42.38,-1742685200
2023-02-02,42.4,81858550
2023-02-03,42.4,469717300
2023-02-06,42.38,1694395400
2023-02-07,42.4,-363141700
2023-02-08,42.44,-3101446900
2023-02-09,42.53,267950550
2023-02-10,42.53,-896757350
2023-02-13,42.6,383242550
2023-02-14,42.62,-1421461850
2023-02-15,42.62,403138150
2023-02-16,42.66,-3770011100
2023-02-17,42.7,-95119900
2023-02-20,42.7,-6209552000
2023-02-21,42.75,2598264150
2023-02-22,42.72,3588911650
2023-02-23,42.62,-4977484550
2023-02-24,42.62,-7007907500
2023-02-27,42.6,2708776150
2023-02-28,42.5,5381900
2023-03-02,42.47,-3486325850
2023-03-03,42.4,-3447873150
2023-03-06,42.38,-6532427750
2023-03-07,42.34,-5271193000
2023-03-08,42.28,487674650
2023-03-09,42.25,-376379050
2023-03-10,42.16,982966250
2023-03-13,42.2,-874746050
2023-03-14,42.22,6348420850
2023-03-15,42.16,1018107050
2023-03-16,42.25,-999315700
2023-03-17,42.3,-1857855600
2023-03-20,42.3,-211494600
2023-03-21,42.3,-525373750
2023-03-22,42.3,-1028268550
2023-03-23,42.34,-2793821000
2023-03-24,42.38,-5487450
2023-03-27,42.4,-242997600
2023-03-28,42.38,-1121997550
2023-03-29,42.4,-2114079450
2023-03-30,42.4,-5355491750
2023-03-31,42.5,-473592350
2023-04-03,42.5,-142611050
2023-04-04,42.47,9173350
2023-04-05,42.4,297473550
2023-04-06,42.38,-1322189600
2023-04-07,42.38,-2407498100
2023-04-10,42.34,-1501041750
2023-04-11,42.3,-2602291200
2023-04-12,42.28,-10384548400
2023-04-13,42.44,-194980900
2023-04-14,42.25,-3178509900
2023-04-17,42.25,-214244950
2023-04-18,42.22,-2893647800
2023-04-19,42.22,-1803692900
2023-04-20,42.22,-2533223650
2023-04-21,42.25,-3970985550
2023-04-24,42.25,-631082900
2023-04-25,42.22,-1293751500
2023-04-26,42.28,-2923202650
2023-04-27,42.28,-952909500
2023-04-28,42.28,-12301589950
2023-05-02,42.4,2020462250
2023-05-03,42.3,-5258230200
2023-05-04,42.3,-363029950
2023-05-08,42.25,-1773665900
2023-05-09,42.2,-1550278250
2023-05-10,42.16,-978215500
2023-05-11,42.16,-1626528200
2023-05-12,42.16,-1702515650
2023-05-15,42.12,-2727966450
2023-05-16,42.12,-2408803350
2023-05-17,42.12,-2408615100
2023-05-18,42.12,-1882341700
2023-05-19,42.12,-8815168650
2023-05-22,42.12,-4247146300
2023-05-23,42.12,-2573258450
2023-05-24,42.12,-1175999350
2023-05-25,42.12,-8311798400
2023-05-26,42.25,-7864894650
2023-05-30,42.38,-1969150350
2023-05-31,42.4,-1363843700
2023-06-01,42.44,-874047550
2023-06-02,42.44,444258100
2023-06-05,42.44,-621699750
2023-06-07,42.4,-3606760650
2023-06-08,42.44,646700100
2023-06-09,42.44,-4171082050
2023-06-12,42.53,-1511972800
2023-06-13,42.53,-18798603950
2023-06-14,42.75,824831050
2023-06-15,42.72,-1724168000
2023-06-16,42.7,-111033650
2023-06-19,42.72,-352381000
2023-06-20,42.75,89291150
2023-06-21,42.75,907788900
2023-06-22,42.75,-192755200
2023-06-23,42.78,1438795850
2023-06-26,42.8,-3035721800
2023-06-27,42.88,-549937400
2023-06-28,42.72,-558249450
2023-06-29,42.9,-4928618350
2023-06-30,43.03,-680891650
2023-07-03,43.06,-3115186350
2023-07-04,43.1,-286249750
2023-07-05,42.94,-1668417200
2023-07-06,43.0,-20023900
2023-07-07,43.0,-303593400
2023-07-10,43.03,-916181800
2023-07-11,43.06,-1563034400
2023-07-12,43.22,-1022667450
2023-07-13,43.25,-2267270450
2023-07-14,43.3,-2195244600
2023-07-17,43.28,-574312800
2023-07-18,43.3,215002350
2023-07-19,43.3,-2862156250
2023-07-20,43.38,-416687300
2023-07-21,43.38,-1144101600
2023-07-24,43.4,1266786950
2023-07-25,43.47,-616444300
2023-07-26,43.5,-2970742800
2023-07-27,43.53,-5124437200
2023-07-28,43.56,-611533450
2023-07-31,43.62,1426069600
2023-08-01,43.62,-2006606900
2023-08-02,43.62,-952486700
2023-08-03,43.72,-311934200
2023-08-04,43.75,-2385478550
2023-08-07,43.8,-1603367650
2023-08-08,43.88,688369000
2023-08-09,43.9,-426218150
2023-08-10,43.9,-1435191400
2023-08-11,43.88,-1239229150
2023-08-14,43.84,64213650
2023-08-16,43.88,-2313008150
2023-08-17,43.88,559221450
2023-08-18,43.88,-768749750
2023-08-21,43.84,-891348600
2023-08-22,43.84,-1048587000
2023-08-23,43.84,655072450
2023-08-24,43.8,-2107484150
2023-08-25,43.84,942135250
2023-08-28,43.8,-1357146450
2023-08-29,43.78,-835571750
2023-08-30,43.78,-4098864600
2023-08-31,43.8,-499323200
2023-09-01,43.78,73421800
2023-09-04,43.84,425323450
2023-09-05,43.84,-70721600
2023-09-06,43.8,1046425050
2023-09-07,43.8,438955550
2023-09-08,43.8,1199202100
2023-09-11,43.75,5419748500
2023-09-12,43.72,-1830435850
2023-09-13,43.78,-936998950
2023-09-14,43.72,2681635700
2023-09-15,44.72,-2594241750
2023-09-18,44.62,-846641900
2023-09-19,44.62,-2881932550
2023-09-20,44.62,-1512545150
2023-09-21,44.62,501309150
2023-09-22,44.6,-2312237350
2023-09-25,44.6,-2375447100
2023-09-26,44.6,-289860000
2023-09-27,44.56,-859244000
2023-10-04,44.5,119604850
2023-10-05,44.47,-1920785750
2023-10-06,44.47,-425329950
2023-10-10,44.4,-2827789500
2023-10-11,44.38,-990590500
2023-10-12,44.3,-2080546700
2023-10-13,44.3,-1473816800
2023-10-16,44.3,-528974750
2023-10-17,44.38,-1776193750
2023-10-18,45.16,-1626531050
2023-10-19,45.12,-1448229300
2023-10-20,45.12,-481614450
2023-10-23,45.12,-146003100
2023-10-24,45.12,-853798200
2023-10-25,45.12,-2222060050
2023-10-26,45.1,-1070871400
2023-10-27,45.06,-95494800
2023-10-30,45.03,-957288550
2023-10-31,45.03,-234304350
2023-11-01,45.0,-662969750
2023-11-02,45.03,-4239842300
2023-11-03,45.06,-1658688500
2023-11-06,45.1,-5546698850
2023-11-07,45.12,-3971854700
2023-11-08,45.2,-1804016800
2023-11-09,45.16,-4479619200
2023-11-10,45.28,-3361184250
2023-11-13,45.28,-2377976950
2023-11-14,45.3,-1790173400
2023-11-15,45.28,-3375241050
2023-11-16,45.22,-2818919900
2023-11-17,45.28,-944863350
2023-11-20,45.28,-1055766200
2023-11-21,45.3,-4925407950
2023-11-22,45.34,-1423642450
2023-11-23,45.34,-513817150
2023-11-24,45.3,-425825250
2023-11-27,45.28,-2362641400
2023-11-28,45.28,-1467461600
2023-11-29,45.28,-299823050
2023-11-30,45.3,-13215315900
2023-12-01,45.47,664430700
2023-12-04,45.5,-2689937850
2023-12-05,45.53,-295934500
2023-12-06,45.56,-1031627800
2023-12-07,45.56,-918919450
2023-12-08,45.56,-3785069250
2023-12-11,45.56,-1934599300
2023-12-12,45.56,-3465117900
2023-12-13,45.53,-2648231500
2023-12-14,45.53,-6117677700
2023-12-15,45.5,-2234289000
2023-12-18,45.53,-60931950
2023-12-19,45.47,-78984850
2023-12-20,45.5,-4486864000
2023-12-21,45.72,-127096000
2023-12-22,45.7,1652764050
2023-12-26,45.56,-1315729400
2023-12-27,45.53,-1368360150
2023-12-28,45.56,-10192762350
2024-01-02,45.66,-3434501000
2024-01-03,45.66,5143162850
2024-01-04,45.62,-55360350
2024-01-05,45.7,333179700
2024-01-08,45.7,-25666950
2024-01-09,45.7,-2421408000
2024-01-10,45.7,589165450
2024-01-11,45.7,-1088109100
2024-01-12,45.7,496793700
2024-01-15,45.7,-688030100
2024-01-16,45.66,289938300
2024-01-17,45.66,-215041500
2024-01-18,45.66,-1129209000
2024-01-19,45.66,-3973338050
2024-01-22,45.7,-3724502800
2024-01-23,45.7,-3495452100
2024-01-24,45.66,-937032650
2024-01-25,45.7,-364521050
2024-01-26,45.72,-1350639550
2024-01-29,45.72,-3421923750
2024-01-30,45.75,-4725778300
2024-01-31,45.75,-3767755800
2024-02-01,45.84,-17323763200
2024-02-02,45.94,-50679085100
2024-02-05,46.66,-14970780400
2024-02-06,46.9,-38641163000
2024-02-07,47.28,-40212016600
2024-02-08,47.62,-13707897800
2024-02-13,47.7,-11055513000
2024-02-14,47.7,-4519647800
2024-02-15,47.75,-3763983700
2024-02-16,47.78,-7291733300
2024-02-19,47.94,-22660365800
2024-02-20,48.06,-5609778800
2024-02-21,48.1,-3678006000
2024-02-22,48.16,-21016584800
2024-02-23,48.44,-5042269000
2024-02-26,48.56,-10127666200
2024-02-27,48.7,-4373127500
2024-02-28,48.78,-3630000200
2024-02-29,48.78,-3293241000
2024-03-04,48.84,-4355864500
2024-03-05,48.88,-3125359600
2024-03-06,48.97,-2399051300
2024-03-07,49.03,-3640626800
2024-03-08,49.1,-14133841200
2024-03-11,49.16,-666361100
2024-03-12,49.22,-753178800
2024-03-13,49.28,-27383400
2024-03-14,49.28,-340900200
2024-03-15,49.44,-921309200
2024-03-18,49.4,-1690233400
2024-03-19,49.44,-2006327300
2024-03-20,49.56,-1644820300
2024-03-21,49.56,-25604642100
2024-03-22,49.7,-7591118500
2024-03-25,49.75,439739000
2024-03-26,49.66,-4770123100
2024-03-27,49.66,-5224691700
2024-03-28,49.66,-2063961100
2024-03-29,49.72,-1864184100
2024-04-01,49.75,1708626300
2024-04-02,49.78,989956400
2024-04-03,49.8,-2618650900
2024-04-04,49.84,-4215011800
2024-04-05,49.88,-491426400
2024-04-08,49.84,-1112903900
2024-04-09,49.8,-2181165600
2024-04-11,49.75,-2277093700
2024-04-12,49.78,-11307977400
2024-04-15,49.9,-5659217700
2024-04-16,49.94,-10396739100
2024-04-17,50.03,-1846480300
2024-04-18,49.94,-14247090300
2024-04-19,50.1,7982754200
2024-04-22,50.12,-9021197300
2024-04-23,51.72,-6134788400
2024-04-24,51.72,-11733815100
2024-04-25,51.78,7662256700
2024-04-26,51.75,-1422659200
2024-04-29,51.78,2144059300
2024-04-30,51.8,1214712600
2024-05-02,51.8,1718666500
2024-05-03,51.88,50881600
2024-05-07,51.88,-1758552400
2024-05-08,51.78,-2015122400
2024-05-09,51.78,-960178000
2024-05-10,51.7,-4859821200
2024-05-13,51.62,-4736899700
2024-05-14,51.56,3262596800
2024-05-16,51.56,-3467860000
2024-05-17,51.56,-3814879300
2024-05-20,51.62,-7562100
2024-05-21,51.7,-1274878400
2024-05-22,51.7,-250804300
2024-05-23,51.72,-5560474000
2024-05-24,51.84,-5482566700
2024-05-27,51.97,-2720613500
2024-05-28,51.97,1060994800
2024-05-29,51.97,2163097600
2024-05-30,52.03,481935900
2024-05-31,52.1,988332600
2024-06-03,52.2,-735192200
2024-06-04,52.2,610592800
2024-06-05,52.2,61917000
2024-06-07,52.25,-16890092700
2024-06-10,52.4,14225383700
2024-06-11,52.34,-5423513400
2024-06-12,52.34,-1744121900
2024-06-13,52.3,-12366335500
2024-06-14,52.38,203597700
2024-06-17,52.38,-1200245400
2024-06-18,52.38,-3974753300
2024-06-19,52.38,-4367117300
2024-06-20,52.4,4801785300
2024-06-21,52.3,-3503091000
2024-06-24,52.34,365392500
2024-06-25,52.38,-3911160300
2024-06-26,52.44,-8757181900
2024-06-27,52.56,-154585400
2024-06-28,52.56,4585142900
2024-07-01,52.47,-960753500
2024-07-02,52.47,1459958200
2024-07-03,52.5,2242459900
2024-07-04,52.47,-1726562100
2024-07-05,52.5,-10528323600
2024-07-08,52.53,908734600
2024-07-09,52.53,-391583300
2024-07-10,52.44,-528510700
2024-07-11,52.5,-3801097400
2024-07-12,52.5,-394761200
2024-07-15,52.5,274164900
2024-07-16,52.5,966769700
2024-07-17,52.5,8058652400
2024-07-18,52.53,-41002000
2024-07-19,52.6,-918132900
2024-07-22,52.6,-2401269100
2024-07-23,52.7,-124518200
2024-07-24,52.72,2840891200
2024-07-25,52.7,-2705668900
2024-07-26,52.72,-1387555300
2024-07-29,52.75,427972300
2024-07-30,52.75,-27835300
2024-07-31,52.8,-1245994600
2024-08-01,52.8,4532789500
2024-08-02,52.84,3011243900
2024-08-05,52.9,-3705803700
2024-08-06,52.94,-2467558500
2024-08-07,52.97,913570700
2024-08-08,52.97,1773319100
2024-08-09,53.0,-736122900
2024-08-12,53.0,-1553204900
2024-08-13,53.0,-740282100
2024-08-14,52.97,-3138017800
2024-08-16,52.97,-5660380700
2024-08-19,53.0,-117538300
2024-08-20,53.0,-1389312500
2024-08-21,53.0,3203023200
2024-08-22,53.03,-1254486300
2024-08-23,53.1,1686269800
2024-08-26,53.06,1042794100
2024-08-27,53.06,-1063077200
2024-08-28,53.12,-749114100
2024-08-29,53.06,2313319400
2024-08-30,53.12,-1689778400
2024-09-02,53.1,-44218100
2024-09-03,53.12,-2495215600
2024-09-04,53.16,4967577100
2024-09-05,53.2,72427900
2024-09-06,53.22,806650700
2024-09-09,53.22,425761500
2024-09-10,53.2,-493967900
2024-09-11,53.16,-880548500
2024-09-12,53.16,-3769290800
2024-09-13,53.2,-233865200
2024-09-19,53.2,4108099200
2024-09-20,53.12,-3738446900
2024-09-23,53.12,-232107300
2024-09-24,53.1,-1464496800
2024-09-25,53.1,4581384400
2024-09-26,53.0,-9981611600
2024-09-27,53.03,-2910459500
2024-09-30,53.06,1320911600
2024-10-02,53.03,959767700
2024-10-04,53.06,349131300
2024-10-07,53.06,-1153120200
2024-10-08,53.03,-593294500
2024-10-10,53.06,-3404965000
2024-10-11,53.12,-575479700
2024-10-14,53.1,-594944800
2024-10-15,53.1,5915617000
2024-10-16,53.0,-2524404200
2024-10-17,52.9,3050773000
2024-10-18,52.8,-2074857700
2024-10-21,52.78,1323692700
2024-10-22,52.72,35586500
2024-10-23,52.75,-6896432000
2024-10-24,52.7,2285097300
2024-10-25,52.6,-4762737500
2024-10-28,52.47,2639059600
2024-10-29,52.44,2516031600
2024-10-30,52.4,182249500
2024-10-31,52.4,3392730000
2024-11-01,52.34,-945493300
2024-11-04,52.34,-3394965700
2024-11-05,52.34,146510200
2024-11-06,52.3,-5015389700
2024-11-07,52.34,-1037946000
2024-11-08,52.3,-4895957800
2024-11-11,52.28,-901277100
2024-11-12,52.3,-535596300
2024-11-13,52.3,1544623400
2024-11-14,52.28,4882923700
2024-11-15,52.28,2334913100
2024-11-18,52.25,178130300
2024-11-19,52.25,447211200
2024-11-20,52.25,2175519600
2024-11-21,52.16,1322576600
2024-11-22,52.12,-5826790600
2024-11-25,52.1,487159400
2024-11-26,52.1,1442891300
2024-11-27,52.06,2873350000
2024-11-28,52.1,12284520200
2024-11-29,51.97,1233822300
2024-12-02,51.97,-715947200
2024-12-03,51.97,-3623588100
2024-12-04,51.97,782680700
2024-12-05,51.94,-4131722600
2024-12-06,51.94,-2341938900
2024-12-09,51.9,-2801945500
2024-12-10,51.84,1607709400
2024-12-11,51.84,-720309700
2024-12-12,51.84,-1820801100
2024-12-13,51.88,-1254084900
2024-12-16,51.9,-3495430800
2024-12-17,51.94,-1341879500
2024-12-18,51.9,482229100
2024-12-19,51.9,134329400
2024-12-20,51.94,825155300
2024-12-23,52.06,-1360820600
2024-12-24,52.1,-346068100
2024-12-26,51.9,-533604200
2024-12-27,51.9,23690400
2024-12-30,51.9,-89630200
2025-01-02,51.88,1529951000
2025-01-03,51.9,-4406229100
2025-01-06,51.9,-10262657000
2025-01-07,51.9,-2445549400
2025-01-08,51.9,-946168000
2025-01-09,51.88,-1517073300
2025-01-10,51.88,-1470327800
2025-01-13,51.88,835437800
2025-01-14,51.88,1494142000
2025-01-15,51.84,-150044100
2025-01-16,51.78,-1784817200
2025-01-17,51.75,-5322172400
2025-01-20,51.72,815299700
2025-01-21,51.97,930044100
2025-01-22,51.94,-7386719600
2025-01-23,51.94,-1556051000
2025-01-24,51.97,-796581900
2025-01-31,51.88,-88165700
2025-02-03,51.94,3098808400
2025-02-04,51.94,-1430714000
2025-02-05,51.88,-2090564500
2025-02-06,51.88,-4251570100
2025-02-07,51.8,-838875400
2025-02-10,51.78,-408702500
2025-02-11,51.94,-1395367500
2025-02-12,51.94,-695772900
2025-02-13,51.9,-2283460200
2025-02-14,51.88,-5142128500
2025-02-17,51.84,-787808900
2025-02-18,51.8,-648002700
2025-02-19,51.8,-4949925200
2025-02-20,51.75,-49608100
2025-02-21,51.75,-494889500
2025-02-24,51.78,1474553500
2025-02-25,51.8,1822500400
2025-02-26,51.84,1268827100
2025-02-27,51.8,1360834300
2025-02-28,51.8,1768205300
2025-03-04,51.88,678982400
2025-03-05,51.88,283398900
2025-03-06,51.9,793749900
2025-03-07,51.9,900036650
2025-03-10,51.9,-10400200
2025-03-11,51.94,1548285750
2025-03-12,51.94,-2005446900
2025-03-13,51.88,-152888750
2025-03-14,51.88,-1301109100
2025-03-17,51.88,64634900
2025-03-18,51.84,-1418520450
2025-03-19,51.8,-1485733300
2025-03-20,51.8,-6099604050
2025-03-21,51.84,-5979038500
2025-03-24,51.84,161116300
2025-03-25,51.84,-1141294300
2025-03-26,51.97,44789450
2025-03-27,51.94,107059600
2025-03-28,52.06,-763899200
2025-03-31,52.06,583203650
2025-04-01,52.0,3516043950
2025-04-02,51.8,-1194175850
2025-04-03,51.78,1857762900
2025-04-04,51.78,4297434450
2025-04-07,51.75,4981957300
2025-04-08,51.78,1383948250
2025-04-09,51.84,2611130400
2025-04-10,51.84,-4291209300
2025-04-11,51.78,395997150
2025-04-14,51.7,2137233250
2025-04-15,51.7,236472600
2025-04-16,51.66,828248650
2025-04-17,51.72,1018080600
2025-04-18,51.72,186409750
2025-04-21,51.75,195716600
2025-04-22,51.75,1294387800
2025-04-23,51.75,-3810217600
2025-04-24,51.7,2458736000
2025-04-25,51.66,-5778101150
2025-04-28,52.12,1080776200
2025-04-29,52.1,-966862650
2025-04-30,52.12,-786775750
2025-05-02,52.16,-4250602750
2025-05-07,52.16,-332343000
2025-05-08,52.12,-687619900
2025-05-09,52.16,-1287287700
2025-05-12,52.2,-426727700
2025-05-13,52.16,-7611874550
2025-05-14,52.16,-6869374800
2025-05-15,52.16,-1757346650
2025-05-16,52.22,-1580753000
2025-05-19,52.22,-39580550
2025-05-20,52.22,-648389050
2025-05-21,52.2,620683550
2025-05-22,52.2,60057700
2025-05-23,52.22,-395028550
2025-05-26,52.25,-1775028850
2025-05-27,52.28,1017110900
2025-05-28,52.34,-9063327500
2025-05-29,52.3,-244565050
2025-05-30,52.3,-2416094050
2025-06-02,52.38,2354007150
2025-06-04,52.34,-5355089650
2025-06-05,52.34,649730150
2025-06-09,52.25,6389118550
2025-06-10,52.2,-4356210250
2025-06-11,52.25,-4566057200
2025-06-12,52.2,-752572350
2025-06-13,52.22,-766421250
2025-06-16,52.25,-42188300
2025-06-17,52.2,4437636450
2025-06-18,52.1,4739103850
2025-06-19,51.97,171335350
2025-06-20,52.0,-1186793900
2025-06-23,52.0,-863181600
2025-06-24,52.03,5349613500
2025-06-25,51.94,12331994100
2025-06-26,51.94,-860601500
2025-06-27,51.84,6378568250
2025-06-30,51.84,-4040204650
2025-07-01,51.78,-302764650
2025-07-02,51.72,-1020418350
2025-07-03,51.72,-189438550
2025-07-04,51.72,-453300750
2025-07-07,51.8,-574224700
2025-07-08,51.84,5142288350
2025-07-09,51.72,-6074569350
2025-07-10,51.7,1140071600
2025-07-11,51.66,11786452850
2025-07-14,53.16,7833738700
2025-07-15,53.12,9445339550
2025-07-16,53.12,1162184550
2025-07-17,53.2,31682076550
2025-07-18,53.3,-1900344400
2025-07-21,53.3,-4854088350
2025-07-22,53.3,1974436950
2025-07-23,53.38,-577261950
2025-07-24,53.44,9719664200
2025-07-25,53.4,-2379794150
2025-07-28,53.47,-2257013050
2025-07-29,53.53,-715318300
2025-07-30,53.56,1886454950
2025-07-31,53.56,-2653730050
2025-08-01,53.56,3730659700
2025-08-04,53.53,508085950
2025-08-05,53.56,1395888150
2025-08-06,53.56,3801371350
2025-08-07,53.6,322094450
2025-08-08,53.62,3272827700
2025-08-11,53.62,58836400
2025-08-12,53.6,-2315646600
2025-08-13,53.5,-240138400
2025-08-14,53.47,-534492550
2025-08-18,53.47,2405969250
2025-08-19,53.44,-3670075350
2025-08-20,53.5,-5193971800
2025-08-21,53.5,-3222506700
2025-08-22,53.62,1032971100
2025-08-25,53.62,-7287366350
2025-08-26,53.62,2061260700
2025-08-27,53.56,1554196450
2025-08-28,53.62,-8117315200
2025-08-29,53.34,37606700
2025-09-01,53.28,-1454555050
2025-09-02,53.3,621432450
2025-09-03,53.3,612683100
2025-09-04,53.3,-5022105850
2025-09-05,53.28,255740200
2025-09-08,53.2,-770010050
2025-09-09,53.2,-8997654400
2025-09-10,53.12,-21233635750
2025-09-11,53.06,-20455813150
2025-09-12,53.1,-17718586800
2025-09-15,53.0,-10028181950
2025-09-16,53.1,-10756998950
2025-09-17,53.06,-13579690550
2025-09-18,53.06,728835650
2025-09-19,53.0,-13594960750
2025-09-22,53.0,-893194250
2025-09-23,52.94,59950750
2025-09-24,52.84,-9008529250
2025-09-25,52.88,3428826000
2025-09-26,52.78,9170027350
2025-09-29,52.75,-1069243750
2025-09-30,52.72,-4955376050
2025-10-01,52.7,-2407533750
2025-10-02,52.62,-26899763250
2025-10-10,52.47,24355733000
2025-10-13,52.1,-4538001500
2025-10-14,52.0,114788500
2025-10-15,51.94,3871959500
2025-10-16,51.88,2244099000
2025-10-17,51.75,-8256209750
2025-10-20,51.75,1476353250
2025-10-21,51.7,385848000
2025-10-22,51.7,-5867242500
2025-10-23,51.72,8113476750
2025-10-24,51.66,-21755150750
2025-10-27,51.62,2419054000
2025-10-28,51.53,33539843500
2025-10-29,51.4,15624306750
2025-10-30,51.34,-8925923500
2025-10-31,51.38,24885850000
2025-11-03,51.47,9867485250
2025-11-04,51.75,-15038590750
2025-11-05,51.88,14945286000
2025-11-06,51.9,-2703977250
2025-11-07,51.94,-16818950000
2025-11-10,51.97,-9447599250
2025-11-11,51.97,443532000
2025-11-12,51.88,7023014500
2025-11-13,51.78,2882873500
2025-11-14,51.75,46628332250
2025-11-17,51.66,-9726362000
2025-11-18,51.66,6087188250
2025-11-19,51.6,3826725750
2025-11-20,51.47,-10879436750
2025-11-21,51.53,16800796500
2025-11-24,51.47,-7475525000
2025-11-25,51.47,-23965429750
2025-11-26,51.56,793016250
2025-11-27,51.56,-13676691500
2025-11-28,51.53,-2313818000
2025-12-01,51.53,-3396980000
2025-12-02,51.53,-5873897250
2025-12-03,51.53,-6286616000
2025-12-04,51.5,4242049000
2025-12-05,51.6,23009696250
2025-12-08,51.53,-26122169000
2025-12-09,51.6,-13615434250
2025-12-10,51.6,484875000
2025-12-11,51.56,10914016250
2025-12-12,51.6,4944442250
2025-12-15,51.6,37705488250
2025-12-16,51.56,4639532250
2025-12-17,51.75,7040836500
2025-12-18,51.66,-8278026500
2025-12-19,51.62,4018805250
2025-12-22,51.56,-24998962000
2025-12-23,51.56,-3110949500
2025-12-24,51.53,-11322681250
2025-12-26,51.56,-29497851250
2025-12-29,51.6,8544184250
2025-12-30,51.53,-14445554000
2026-01-02,51.53,7674807500
2026-01-05,51.47,-2568268500
2026-01-06,51.5,11401517000
2026-01-07,51.5,27286304500
2026-01-08,51.47,-6502786250
2026-01-09,51.44,-6848889000
2026-01-12,51.4,-5356927000
2026-01-13,51.44,-12071988250
2026-01-14,51.38,-16245502000
2026-01-15,51.4,24479225500
2026-01-16,51.38,-39100654500
2026-01-19,51.44,33095570250
2026-01-20,51.4,-3859595500
2026-01-21,51.44,-17821993000
2026-01-22,51.47,-40534887750
2026-01-23,51.5,8013183000
2026-01-26,51.47,-14629990750
2026-01-27,51.56,-18654876250
2026-01-28,51.53,-2253272250
2026-01-29,51.53,10327000000
2026-01-30,51.5,22557657000
2026-02-02,51.44,111260402250
2026-02-03,51.2,-5742377000
2026-02-04,51.0,-12744134000
2026-02-05,50.9,77873268000
2026-02-06,50.78,52929692750
2026-02-09,50.62,-79668800500
2026-02-10,50.62,23433741000
2026-02-11,50.53,28032696000
2026-02-12,50.5,-72303439000
2026-02-13,50.53,6823793000
2026-02-19,50.5,-12193748500
2026-02-20,50.44,26322447500
2026-02-23,50.34,-6426435000
2026-02-24,50.38,-80294573000
2026-02-25,50.44,-8218409000
2026-02-26,50.44,57579816000
2026-02-27,50.38,118305850000
2026-03-03,50.2,12831935500
2026-03-04,50.2,17358112250
2026-03-05,50.16,-27120701000
2026-03-06,50.2,18179063500
2026-03-09,50.28,20722598000
2026-03-10,50.34,-11497283500
2026-03-11,50.3,-10406283000
2026-03-12,50.28,13595585500
2026-03-13,50.22,37113846500
2026-03-16,50.2,-4341657500
2026-03-17,50.16,-48789964500
2026-03-18,50.12,-14826815000
2026-03-19,50.06,27232388000
2026-03-20,50.03,34743484500
2026-03-23,49.94,66811157500
2026-03-24,49.88,-26410890500
2026-03-25,49.94,1857175000
2026-03-26,49.9,51127050500
2026-03-27,49.88,33019778000
2026-03-30,49.84,27500468500
2026-03-31,49.8,37413261000
2026-04-01,49.88,39187219000
2026-04-02,49.6,-18902865500
2026-04-03,49.72,2622249500
2026-04-06,49.7,-1848022000
2026-04-07,49.72,-10578389250
2026-04-08,49.75,-66883993000
2026-04-09,49.72,3916228500
2026-04-10,49.72,7904288000
2026-04-13,49.72,-30908552000
2026-04-14,49.75,-90832588000
2026-04-15,49.78,-32232581000
2026-04-16,49.84,-54957425500
2026-04-17,49.88,11835853500
2026-04-20,49.9,-7730662000
2026-04-21,49.88,21549253500
2026-04-22,49.8,-28373960000
2026-04-23,49.88,-65976466000
2026-04-24,49.94,-11156403500
2026-04-27,49.94,-48068081000
2026-04-28,50.0,-5052517500
2026-04-29,49.94,43698676000
2026-04-30,49.9,33524733500
2026-05-04,49.88,80572576000
2026-05-06,49.78,372723230500
2026-05-07,49.44,138379917000
2026-05-08,49.2,59783932000
2026-05-11,49.12,-124700755000
2026-05-12,49.06,62806292500
2026-05-13,49.0,-23604095000
2026-05-14,48.94,-28654496500
2026-05-15,48.94,-65989360500
2026-05-18,48.94,4894171000
2026-05-19,48.88,25419975000
2026-05-20,48.88,4389066500
2026-05-21,48.84,-48747330500
2026-05-22,48.8,-62502186500
2026-05-26,48.8,50898933000
2026-05-27,48.75,-139319271000
2026-05-28,48.84,22200372500
2026-05-29,48.84,-115870950500
2026-06-01,48.8,-154247193500
2026-06-02,49.03,-240792571000
2026-06-04,49.22,-55141714500
2026-06-05,49.25,-21132290500
2026-06-08,49.25,16365082500
2026-06-09,49.22,-64441843000
2026-06-10,49.25,8365894000
2026-06-11,49.12,-15560628500
2026-06-12,48.75,-260593086000
2026-06-15,48.38,128828277500
2026-06-16,48.47,-93568420500
2026-06-17,48.38,59626472000
2026-06-18,48.2,229614493500
2026-06-19,48.0,289809441500
2026-06-22,47.7,373992954500
2026-06-23,47.4,1222680430000
2026-06-24,46.8,535287936500
2026-06-25,46.53,222266042000
2026-06-26,46.4,280710321500
2026-06-29,46.28,-15018890500
2026-06-30,46.2,-120652309500
