date,fut_listed,fut_basis,fut_basis_pct,fut_volume
20211129,0,,,
20211130,0,,,
20211201,0,,,
20211202,0,,,
20211203,0,,,
20211206,0,,,
20211207,0,,,
20211208,0,,,
20211209,0,,,
20211210,0,,,
20211213,0,,,
20211214,0,,,
20211215,0,,,
20211216,0,,,
20211217,0,,,
20211220,0,,,
20211221,0,,,
20211222,0,,,
20211223,0,,,
20211224,0,,,
20211227,0,,,
20211228,0,,,
20211229,0,,,
20211230,0,,,
20220103,0,,,
20220104,0,,,
20220105,0,,,
20220106,0,,,
20220107,0,,,
20220110,0,,,
20220111,0,,,
20220112,0,,,
20220113,0,,,
20220114,0,,,
20220117,0,,,
20220118,0,,,
20220119,0,,,
20220120,0,,,
20220121,0,,,
20220124,0,,,
20220125,0,,,
20220126,0,,,
20220127,0,,,
20220128,0,,,
20220203,0,,,
20220204,0,,,
20220207,0,,,
20220208,0,,,
20220209,0,,,
20220210,0,,,
20220211,0,,,
20220214,0,,,
20220215,0,,,
20220216,0,,,
20220217,0,,,
20220218,0,,,
20220221,0,,,
20220222,0,,,
20220223,0,,,
20220224,0,,,
20220225,0,,,
20220228,0,,,
20220302,0,,,
20220303,0,,,
20220304,0,,,
20220307,0,,,
20220308,0,,,
20220310,0,,,
20220311,0,,,
20220314,0,,,
20220315,0,,,
20220316,0,,,
20220317,0,,,
20220318,0,,,
20220321,0,,,
20220322,0,,,
20220323,0,,,
20220324,0,,,
20220325,0,,,
20220328,0,,,
20220329,0,,,
20220330,0,,,
20220331,0,,,
20220401,0,,,
20220404,0,,,
20220405,0,,,
20220406,0,,,
20220407,0,,,
20220408,0,,,
20220411,0,,,
20220412,0,,,
20220413,0,,,
20220414,0,,,
20220415,0,,,
20220418,0,,,
20220419,0,,,
20220420,0,,,
20220421,0,,,
20220422,0,,,
20220425,0,,,
20220426,0,,,
20220427,0,,,
20220428,0,,,
20220429,0,,,
20220502,0,,,
20220503,0,,,
20220504,0,,,
20220506,0,,,
20220509,0,,,
20220510,0,,,
20220511,0,,,
20220512,0,,,
20220513,0,,,
20220516,0,,,
20220517,0,,,
20220518,0,,,
20220519,0,,,
20220520,0,,,
20220523,0,,,
20220524,0,,,
20220525,0,,,
20220526,0,,,
20220527,0,,,
20220530,0,,,
20220531,0,,,
20220602,0,,,
20220603,0,,,
20220607,0,,,
20220608,0,,,
20220609,0,,,
20220610,0,,,
20220613,0,,,
20220614,0,,,
20220615,0,,,
20220616,0,,,
20220617,0,,,
20220620,0,,,
20220621,0,,,
20220622,0,,,
20220623,0,,,
20220624,0,,,
20220627,0,,,
20220628,0,,,
20220629,0,,,
20220630,0,,,
20220701,0,,,
20220704,0,,,
20220705,0,,,
20220706,0,,,
20220707,0,,,
20220708,0,,,
20220711,0,,,
20220712,0,,,
20220713,0,,,
20220714,0,,,
20220715,0,,,
20220718,0,,,
20220719,0,,,
20220720,0,,,
20220721,0,,,
20220722,0,,,
20220725,1,-150,-0.361,418
20220726,1,150,0.361,31
20220727,1,-200,-0.471,570
20220728,1,-150,-0.351,746
20220729,1,150,0.351,343
20220801,1,300,0.707,300
20220802,1,650,1.578,577
20220803,1,-100,-0.239,425
20220804,1,100,0.238,603
20220805,1,50,0.117,159
20220808,1,-50,-0.116,307
20220809,1,-200,-0.474,145
20220810,1,300,0.709,371
20220811,1,-50,-0.114,223
20220812,1,0,0.0,256
20220816,1,-100,-0.229,290
20220817,1,-350,-0.8,273
20220818,1,100,0.229,790
20220819,1,0,0.0,416
20220822,1,0,0.0,456
20220823,1,100,0.248,386
20220824,1,-150,-0.37,711
20220825,1,-200,-0.488,500
20220826,1,-150,-0.365,262
20220829,1,0,0.0,474
20220830,1,200,0.503,245
20220831,1,-50,-0.123,317
20220901,1,-100,-0.254,1472
20220902,1,-300,-0.768,1160
20220905,1,-150,-0.384,269
20220906,1,-200,-0.498,668
20220907,1,-450,-1.129,611
20220908,1,100,0.238,5412
20220913,1,-50,-0.115,2519
20220914,1,50,0.117,1047
20220915,1,200,0.469,359
20220916,1,50,0.12,165
20220919,1,100,0.245,291
20220920,1,250,0.622,280
20220921,1,200,0.505,209
20220922,1,0,0.0,156
20220923,1,150,0.385,187
20220926,1,0,0.0,685
20220927,1,-50,-0.138,80
20220928,1,100,0.275,160
20220929,1,-300,-0.839,156
20220930,1,-150,-0.415,333
20221004,1,-200,-0.525,104
20221005,1,50,0.129,121
20221006,1,-250,-0.642,286
20221007,1,-400,-1.028,68
20221011,1,-300,-0.8,424
20221012,1,-400,-1.048,1420
20221013,1,-100,-0.262,1387
20221014,1,-150,-0.391,161
20221017,1,100,0.254,308
20221018,1,-200,-0.508,185
20221019,1,250,0.645,132
20221020,1,-50,-0.131,401
20221021,1,0,0.0,790
20221024,1,0,0.0,106
20221025,1,100,0.263,271
20221026,1,-350,-0.897,179
20221027,1,-100,-0.256,311
20221028,1,-50,-0.136,1515
20221031,1,-150,-0.406,394
20221101,1,-50,-0.136,623
20221102,1,0,0.0,307
20221103,1,200,0.543,3056
20221104,1,100,0.273,538
20221107,1,-100,-0.262,846
20221108,1,-150,-0.389,701
20221109,1,100,0.256,597
20221110,1,-39050,-99.872,182
20221111,1,200,0.49,1367
20221114,1,200,0.494,1167
20221115,1,0,0.0,1026
20221116,1,100,0.247,230
20221117,1,100,0.255,226
20221118,1,300,0.779,285
20221121,1,50,0.134,426
20221122,1,-50,-0.136,258
20221123,1,0,0.0,628
20221124,1,50,0.134,152
20221125,1,100,0.27,793
20221128,1,50,0.137,201
20221129,1,150,0.409,81
20221130,1,300,0.801,361
20221201,1,150,0.4,178
20221202,1,150,0.407,1739
20221205,1,100,0.275,949
20221206,1,0,0.0,835
20221207,1,100,0.284,581
20221208,1,50,0.14,1021
20221209,1,200,0.557,1960
20221212,1,-100,-0.277,544
20221213,1,200,0.559,250
20221214,1,200,0.557,638
20221215,1,250,0.708,387
20221216,1,0,0.0,200
20221219,1,150,0.425,131
20221220,1,0,0.0,373
20221221,1,100,0.288,139
20221222,1,50,0.139,33
20221223,1,150,0.43,208
20221226,1,50,0.144,98
20221227,1,50,0.141,511
20221228,1,200,0.58,781
20221229,1,100,0.298,718
20230102,1,50,0.152,637
20230103,1,-50,-0.156,2251
20230104,1,-300,-0.897,1419
20230105,1,-400,-1.198,3478
20230106,1,-950,-2.79,627
20230109,1,-200,-0.575,112
20230110,1,200,0.569,266
20230111,1,-50,-0.14,345
20230112,1,200,0.556,285
20230113,1,100,0.279,1516
20230116,1,150,0.42,1810
20230117,1,200,0.562,728
20230118,1,100,0.282,653
20230119,1,0,0.0,1044
20230120,1,150,0.426,737
20230125,1,50,0.136,1022
20230126,1,-100,-0.267,136
20230127,1,-50,-0.133,425
20230130,1,-100,-0.266,352
20230131,1,0,0.0,1453
20230201,1,0,0.0,508
20230202,1,-200,-0.541,316
20230203,1,-400,-1.093,526
20230206,1,-650,-1.813,1248
20230207,1,-50,-0.139,269
20230208,1,-100,-0.268,248
20230209,1,50,0.136,222
20230210,1,-100,-0.269,2174
20230213,1,150,0.41,858
20230214,1,100,0.27,76
20230215,1,-50,-0.138,1344
20230216,1,50,0.134,947
20230217,1,-450,-1.224,456
20230220,1,400,1.04,694
20230221,1,100,0.264,954
20230222,1,-100,-0.273,1059
20230223,1,50,0.132,992
20230224,1,-100,-0.254,2146
20230227,1,-200,-0.517,1740
20230228,1,-250,-0.652,408
20230302,1,-450,-1.157,879
20230303,1,-50,-0.125,631
20230306,1,50,0.122,394
20230307,1,-41650,-99.88,1304
20230308,1,-550,-1.35,956
20230309,1,-40000,-100.251,1790
20230310,1,100,0.26,634
20230313,1,400,1.046,371
20230314,1,0,0.0,966
20230315,1,200,0.561,1327
20230316,1,350,0.972,390
20230317,1,500,1.359,363
20230320,1,-50,-0.136,109
20230321,1,150,0.405,364
20230322,1,50,0.134,476
20230323,1,0,0.0,385
20230324,1,100,0.267,401
20230327,1,250,0.678,1199
20230328,1,-200,-0.535,422
20230329,1,0,0.0,456
20230330,1,100,0.254,2452
20230331,1,0,0.0,2590
20230403,1,200,0.513,1499
20230404,1,150,0.388,453
20230405,1,100,0.259,366
20230406,1,0,0.0,1060
20230407,1,0,0.0,1230
20230410,1,,,1487
20230411,1,-350,-0.892,646
20230412,1,200,0.489,636
20230413,1,-200,-0.499,1292
20230414,1,-150,-0.37,1086
20230417,1,-50,-0.123,609
20230418,1,500,1.232,1234
20230419,1,150,0.368,741
20230420,1,-100,-0.246,519
20230421,1,50,0.12,1305
20230424,1,0,0.0,1627
20230425,1,50,0.126,943
20230426,1,350,0.866,767
20230427,1,100,0.246,1328
20230428,1,50,0.118,1549
20230502,1,400,0.967,1468
20230503,1,200,0.479,1178
20230504,1,-350,-0.837,1209
20230508,1,150,0.356,572
20230509,1,,,558
20230510,1,-50,-0.119,379
20230511,1,150,0.358,1033
20230512,1,-150,-0.356,1798
20230515,1,-150,-0.353,627
20230516,1,-150,-0.352,907
20230517,1,-800,-1.867,1018
20230518,1,0,0.0,1107
20230519,1,100,0.225,2181
20230522,1,0,0.0,1140
20230523,1,200,0.447,1853
20230524,1,-200,-0.45,773
20230525,1,250,0.548,3729
20230526,1,100,0.216,3128
20230530,1,50,0.108,2234
20230531,1,-50,-0.108,1985
20230601,1,-50,-0.11,1171
20230602,1,-200,-0.442,690
20230605,1,-100,-0.221,374
20230607,1,100,0.217,1270
20230608,1,100,0.221,1198
20230609,1,50,0.108,1326
20230612,1,50,0.11,1872
20230613,1,-150,-0.31,2045
20230614,1,300,0.636,2137
20230615,1,750,1.566,2629
20230616,1,200,0.421,2374
20230619,1,150,0.319,2528
20230620,1,250,0.538,1250
20230621,1,-50,-0.108,1023
20230622,1,-150,-0.326,991
20230623,1,0,0.0,1964
20230626,1,-50,-0.111,529
20230627,1,-100,-0.223,1689
20230628,1,0,0.0,1397
20230629,1,250,0.565,11517
20230630,1,50,0.113,1724
20230703,1,50,0.109,3347
20230704,1,100,0.219,1144
20230705,1,-100,-0.216,1100
20230706,1,50,0.111,1756
20230707,1,-150,-0.339,1081
20230710,1,150,0.34,729
20230711,1,0,0.0,321
20230712,1,0,0.0,209
20230713,1,0,0.0,3337
20230714,1,0,0.0,1114
20230717,1,50,0.108,734
20230718,1,-50,-0.108,626
20230719,1,50,0.108,465
20230720,1,50,0.107,705
20230721,1,-50,-0.108,580
20230724,1,0,0.0,730
20230725,1,-50,-0.115,2047
20230726,1,-200,-0.467,1734
20230727,1,-100,-0.219,2374
20230728,1,150,0.33,1430
20230731,1,150,0.338,571
20230801,1,-200,-0.441,2348
20230802,1,-200,-0.445,6686
20230803,1,-250,-0.556,2234
20230804,1,150,0.329,1212
20230807,1,0,0.0,3514
20230808,1,0,0.0,716
20230809,1,-200,-0.44,645
20230810,1,,,1072
20230811,1,-50,-0.109,3624
20230814,1,-100,-0.22,444
20230816,1,150,0.332,1437
20230817,1,100,0.228,1839
20230818,1,50,0.114,2116
20230821,1,-100,-0.227,1008
20230822,1,-150,-0.339,980
20230823,1,0,0.0,603
20230824,1,-150,-0.336,1045
20230825,1,50,0.115,1819
20230828,1,-150,-0.341,267
20230829,1,-100,-0.227,171
20230830,1,-300,-0.657,917
20230831,1,50,0.111,718
20230901,1,100,0.224,820
20230904,1,-450,-1.018,1446
20230905,1,-350,-0.796,6900
20230906,1,-150,-0.343,945
20230907,1,0,0.0,640
20230908,1,-50,-0.12,1587
20230911,1,50,0.125,1171
20230912,1,0,0.0,1730
20230913,1,-250,-0.607,922
20230914,1,-150,-0.362,2843
20230915,1,100,0.237,2558
20230918,1,100,0.24,1322
20230919,1,100,0.234,3958
20230920,1,-100,-0.231,1493
20230921,1,-100,-0.238,1839
20230922,1,0,0.0,1762
20230925,1,100,0.231,1327
20230926,1,-50,-0.117,1940
20230927,1,350,0.824,1186
20231004,1,-100,-0.242,3830
20231005,1,0,0.0,2245
20231006,1,0,0.0,395
20231010,1,0,0.0,1403
20231011,1,150,0.345,983
20231012,1,-44550,-99.888,1134
20231013,1,150,0.336,1869
20231016,1,-250,-0.563,1611
20231017,1,150,0.335,1884
20231018,1,50,0.112,2103
20231019,1,100,0.228,3175
20231020,1,-50,-0.117,1299
20231023,1,150,0.354,1970
20231024,1,-50,-0.117,1947
20231025,1,100,0.229,1203
20231026,1,350,0.815,1194
20231027,1,100,0.237,1825
20231030,1,150,0.347,1841
20231031,1,-200,-0.47,718
20231101,1,0,0.0,1938
20231102,1,50,0.111,2195
20231103,1,0,0.0,1353
20231106,1,-400,-0.847,1337
20231107,1,-200,-0.421,676
20231108,1,0,0.0,724
20231109,1,-47650,-99.582,1636
20231110,1,0,0.0,770
20231113,1,300,0.619,1357
20231114,1,-300,-0.621,1191
20231115,1,400,0.822,3260
20231116,1,-50,-0.101,766
20231117,1,-100,-0.206,710
20231120,1,-1350,-2.866,4068
20231121,1,0,0.0,1572
20231122,1,0,0.0,1233
20231123,1,-500,-1.02,1269
20231124,1,-450,-0.937,1101
20231127,1,50,0.102,1127
20231128,1,500,0.996,1964
20231129,1,550,1.101,1051
20231130,1,-400,-0.784,2977
20231201,1,400,0.815,1733
20231204,1,100,0.201,568
20231205,1,-350,-0.721,1797
20231206,1,-150,-0.308,678
20231207,1,-300,-0.613,477
20231208,1,-250,-0.504,332
20231211,1,250,0.501,59
20231212,1,250,0.501,714
20231213,1,-50200,-99.801,2353
20231214,1,0,0.0,587
20231215,1,-600,-1.174,1287
20231218,1,400,0.798,116
20231219,1,450,0.903,501
20231220,1,600,1.174,986
20231221,1,-300,-0.592,231
20231222,1,550,1.113,804
20231226,1,-1050,-2.106,1367
20231227,1,0,0.0,1901
20231228,1,900,1.711,3195
20240102,1,500,0.949,2752
20240103,1,500,1.011,2334
20240104,1,600,1.227,1073
20240105,1,100,0.205,304
20240108,1,350,0.726,647
20240109,1,0,0.0,1572
20240110,1,300,0.624,2015
20240111,1,750,1.538,995
20240112,1,50,0.103,1793
20240115,1,550,1.128,4228
20240116,1,200,0.419,2083
20240117,1,950,2.028,2361
20240118,1,100,0.211,2246
20240119,1,-100,-0.204,2653
20240122,1,100,0.199,1890
20240123,1,100,0.197,2583
20240124,1,100,0.2,1965
20240125,1,150,0.301,2266
20240126,1,500,0.994,1700
20240129,1,300,0.593,1613
20240130,1,200,0.388,1729
20240131,1,500,0.963,4560
20240201,1,-400,-0.746,3519
20240202,1,0,0.0,11960
20240205,1,-300,-0.506,9360
20240206,1,-300,-0.481,6268
20240207,1,-300,-0.453,6499
20240208,1,300,0.46,11047
20240213,1,300,0.457,10408
20240214,1,200,0.315,8602
20240215,1,200,0.321,8868
20240216,1,100,0.153,7519
20240219,1,100,0.144,10051
20240220,1,-100,-0.146,5833
20240221,1,-100,-0.144,4513
20240222,1,-600,-0.823,6173
20240223,1,200,0.289,9855
20240226,1,200,0.297,16519
20240227,1,100,0.153,7716
20240228,1,-100,-0.147,8337
20240229,1,-1600,-2.289,5873
20240304,1,400,0.57,5705
20240305,1,0,0.0,4659
20240306,1,-500,-0.7,4414
20240307,1,-100,-0.138,5233
20240308,1,0,0.0,7622
20240311,1,-200,-0.275,3257
20240312,1,-71800,-99.861,7717
20240313,1,-70600,-100.427,5329
20240314,1,-600,-0.866,5603
20240315,1,200,0.292,5724
20240318,1,-2600,-3.768,6236
20240319,1,300,0.437,5505
20240320,1,-1000,-1.441,7754
20240321,1,100,0.13,15389
20240322,1,-500,-0.625,13679
20240325,1,500,0.652,9440
20240326,1,-200,-0.254,9834
20240327,1,700,0.883,4876
20240328,1,-800,-1.018,6333
20240329,1,100,0.127,3073
20240401,1,-700,-0.927,11165
20240402,1,400,0.518,11978
20240403,1,-400,-0.523,9798
20240404,1,100,0.128,5184
20240405,1,100,0.132,6461
20240408,1,-73700,-99.729,6056
20240409,1,,,7321
20240411,1,-1700,-2.326,10458
20240412,1,-800,-1.027,8774
20240415,1,-700,-0.877,7455
20240416,1,-900,-1.125,11908
20240417,1,-1700,-2.157,12147
20240418,1,-900,-1.075,7890
20240419,1,-1500,-1.971,21090
20240422,1,-1500,-1.882,9679
20240423,1,-900,-1.09,8018
20240424,1,-200,-0.234,8095
20240425,1,-1100,-1.414,22181
20240426,1,-1600,-1.985,15502
20240429,1,-800,-1.015,5656
20240430,1,-1000,-1.307,6818
20240502,1,,,7399
20240503,1,-75800,-101.337,12269
20240507,1,-200,-0.26,12280
20240508,1,-79100,-100.636,17216
20240509,1,,,7254
20240510,1,900,1.119,22513
20240513,1,600,0.724,11944
20240514,1,-100,-0.127,5937
20240516,1,600,0.742,9543
20240517,1,100,0.122,6356
20240520,1,-200,-0.248,8893
20240521,1,-200,-0.244,7509
20240522,1,800,0.976,5904
20240523,1,700,0.84,11899
20240524,1,-700,-0.82,18727
20240527,1,0,0.0,9562
20240528,1,300,0.36,7284
20240529,1,0,0.0,9038
20240530,1,100,0.126,11487
20240531,1,-1500,-1.933,23095
20240603,1,0,0.0,6819
20240604,1,-800,-1.035,8064
20240605,1,-400,-0.521,16641
20240607,1,-700,-0.8,20207
20240610,1,-1500,-1.67,37410
20240611,1,500,0.568,16001
20240612,1,-200,-0.223,11713
20240613,1,0,0.0,19632
20240614,1,900,0.985,14614
20240617,1,0,0.0,6520
20240618,1,400,0.428,8087
20240619,1,-1300,-1.32,16284
20240620,1,300,0.306,13300
20240621,1,-1200,-1.231,7153
20240624,1,-500,-0.548,9514
20240625,1,-1600,-1.674,9736
20240626,1,-600,-0.587,9578
20240627,1,-1200,-1.174,11586
20240628,1,-100,-0.1,12086
20240701,1,500,0.498,9267
20240702,1,500,0.524,9500
20240703,1,400,0.415,13042
20240704,1,-700,-0.719,13363
20240705,1,700,0.672,19012
20240708,1,-400,-0.388,7461
20240709,1,-103000,-99.806,17070
20240710,1,-300,-0.291,7763
20240711,1,-400,-0.375,4863
20240712,1,100,0.095,9199
20240715,1,-400,-0.379,10590
20240716,1,-1700,-1.611,9653
20240717,1,-1000,-1.03,14954
20240718,1,1000,1.124,23986
20240719,1,-200,-0.227,6589
20240722,1,600,0.7,14236
20240723,1,500,0.59,9920
20240724,1,200,0.239,9494
20240725,1,100,0.124,12183
20240726,1,-500,-0.6,7747
20240729,1,300,0.355,8708
20240730,1,-1000,-1.218,7980
20240731,1,-1400,-1.624,9122
20240801,1,-700,-0.84,11935
20240802,1,900,1.186,13170
20240805,1,-2500,-3.551,15565
20240806,1,-900,-1.21,17990
20240807,1,700,0.931,11530
20240808,1,-300,-0.416,13995
20240809,1,-400,-0.528,7637
20240812,1,700,0.907,7481
20240813,1,1900,2.439,9976
20240814,1,1000,1.215,11292
20240816,1,100,0.114,14142
20240819,1,300,0.348,11367
20240820,1,-600,-0.672,8936
20240821,1,400,0.476,10738
20240822,1,-1400,-1.651,10403
20240823,1,100,0.123,10251
20240826,1,300,0.375,9352
20240827,1,0,0.0,10035
20240828,1,700,0.857,15693
20240829,1,500,0.651,25616
20240830,1,900,1.146,16147
20240902,1,100,0.127,9209
20240903,1,-1000,-1.25,12275
20240904,1,700,0.96,16804
20240905,1,-700,-0.962,11978
20240906,1,600,0.847,10726
20240909,1,400,0.567,19420
20240910,1,-71400,-99.721,16379
20240911,1,800,1.103,13843
20240912,1,300,0.388,16948
20240913,1,600,0.779,13547
20240919,1,200,0.275,32402
20240920,1,100,0.132,16068
20240923,1,-1200,-1.511,14615
20240924,1,-900,-1.086,13057
20240925,1,900,1.169,18204
20240926,1,600,0.702,25328
20240927,1,-200,-0.235,15800
20240930,1,800,0.99,13678
20241002,1,0,0.0,19262
20241004,1,800,1.018,11169
20241007,1,-80800,-99.753,11289
20241008,1,200,0.248,10869
20241010,1,-1700,-2.021,15838
20241011,1,400,0.473,8104
20241014,1,-100,-0.116,13683
20241015,1,-100,-0.116,14335
20241016,1,1000,1.176,29524
20241017,1,600,0.69,16014
20241018,1,500,0.566,14590
20241021,1,500,0.577,13645
20241022,1,600,0.693,13628
20241023,1,500,0.543,14187
20241024,1,800,0.889,15535
20241025,1,300,0.314,21605
20241028,1,600,0.647,13062
20241029,1,100,0.111,9462
20241030,1,600,0.67,9098
20241031,1,0,0.0,15108
20241101,1,-100,-0.119,10893
20241104,1,-700,-0.78,10078
20241105,1,200,0.224,13917
20241106,1,-100,-0.108,16107
20241107,1,200,0.216,10483
20241108,1,500,0.526,13664
20241111,1,100,0.108,9378
20241112,1,200,0.223,12343
20241113,1,-100,-0.117,10413
20241114,1,200,0.255,16679
20241115,1,-100,-0.129,15950
20241118,1,-500,-0.635,14690
20241119,1,100,0.128,5702
20241120,1,800,1.003,13776
20241121,1,800,0.995,9452
20241122,1,-300,-0.343,31047
20241125,1,-300,-0.342,9964
20241126,1,400,0.473,8734
20241127,1,-800,-0.996,18310
20241128,1,0,0.0,18824
20241129,1,500,0.68,9196
20241202,1,600,0.823,11620
20241203,1,100,0.131,11185
20241204,1,800,1.065,10452
20241205,1,-500,-0.634,14017
20241206,1,300,0.378,9760
20241209,1,800,1.015,9451
20241210,1,-78000,-99.744,13785
20241211,1,-600,-0.758,9735
20241212,1,300,0.364,8422
20241213,1,100,0.12,6675
20241216,1,-200,-0.232,8839
20241217,1,700,0.806,10315
20241218,1,300,0.351,5897
20241219,1,-200,-0.243,11008
20241220,1,400,0.507,7714
20241223,1,-100,-0.122,8614
20241224,1,300,0.369,5771
20241226,1,700,0.865,4804
20241227,1,600,0.751,11958
20241230,1,1400,1.765,7059
20250102,1,100,0.127,9297
20250103,1,600,0.711,17474
20250106,1,-100,-0.107,14622
20250107,1,300,0.322,12128
20250108,1,600,0.638,14270
20250109,1,800,0.853,8634
20250110,1,400,0.422,13260
20250113,1,300,0.329,10813
20250114,1,0,0.0,8576
20250115,1,500,0.551,12391
20250116,1,600,0.637,13195
20250117,1,200,0.206,16569
20250120,1,-400,-0.419,10637
20250121,1,0,0.0,12558
20250122,1,-800,-0.794,14721
20250123,1,-100,-0.101,13971
20250124,1,-600,-0.601,11166
20250131,1,-1200,-1.275,14853
20250203,1,-300,-0.342,18199
20250204,1,-1000,-1.127,14474
20250205,1,-800,-0.864,8306
20250206,1,-300,-0.305,14556
20250207,1,0,0.0,10631
20250210,1,-200,-0.215,11241
20250211,1,-100,-0.107,6454
20250212,1,800,0.843,8988
20250213,1,700,0.718,12139
20250214,1,0,0.0,11286
20250217,1,500,0.501,11450
20250218,1,0,0.0,15559
20250219,1,700,0.671,13148
20250220,1,300,0.297,7018
20250221,1,-100,-0.1,6355
20250224,1,-500,-0.511,8767
20250225,1,700,0.738,7874
20250226,1,-100,-0.104,10933
20250227,1,0,0.0,9386
20250228,1,-2000,-2.22,12420
20250304,1,-300,-0.337,11158
20250305,1,200,0.22,10510
20250306,1,300,0.333,8573
20250307,1,200,0.224,9767
20250310,1,-300,-0.336,6725
20250311,1,800,0.912,12586
20250312,1,0,0.0,10309
20250313,1,-1400,-1.518,11880
20250314,1,-300,-0.321,5836
20250317,1,-300,-0.321,6186
20250318,1,0,0.0,8038
20250319,1,200,0.211,8005
20250320,1,-100,-0.101,9899
20250321,1,100,0.099,12900
20250324,1,200,0.199,7263
20250325,1,100,0.1,10905
20250326,1,0,0.0,6904
20250327,1,0,0.0,8094
20250328,1,0,0.0,8611
20250331,1,600,0.642,10880
20250401,1,500,0.538,12493
20250402,1,200,0.215,16031
20250403,1,0,0.0,14722
20250404,1,-200,-0.229,20557
20250407,1,300,0.388,18827
20250408,1,1000,1.276,21114
20250409,1,700,0.931,14121
20250410,1,-400,-0.467,14533
20250411,1,400,0.47,7342
20250414,1,600,0.713,6060
20250415,1,100,0.119,4798
20250416,1,200,0.245,7533
20250417,1,200,0.244,4638
20250418,1,100,0.121,2553
20250421,1,0,0.0,5786
20250422,1,200,0.245,3865
20250423,1,-300,-0.351,4603
20250424,1,200,0.239,4551
20250425,1,-600,-0.669,12280
20250428,1,-100,-0.115,5255
20250429,1,-200,-0.229,3848
20250430,1,-900,-1.012,3913
20250502,1,400,0.438,9068
20250507,1,100,0.108,6790
20250508,1,-92600,-99.57,12245
20250509,1,-200,-0.213,9612
20250512,1,-500,-0.525,4436
20250513,1,-800,-0.801,11313
20250514,1,0,0.0,7901
20250515,1,0,0.0,11398
20250516,1,-100,-0.097,6065
20250519,1,0,0.0,6029
20250520,1,-100,-0.099,8053
20250521,1,0,0.0,6305
20250522,1,200,0.203,9182
20250523,1,-500,-0.505,5836
20250526,1,-1500,-1.463,7916
20250527,1,300,0.299,8291
20250528,1,-500,-0.462,18713
20250529,1,-200,-0.177,12771
20250530,1,-600,-0.523,16062
20250602,1,100,0.091,8928
20250604,1,500,0.401,17885
20250605,1,-700,-0.541,13627
20250609,1,0,0.0,11303
20250610,1,100,0.077,8737
20250611,1,200,0.145,10600
20250612,1,-1400,-0.996,13643
20250613,1,500,0.36,15251
20250616,1,-300,-0.2,15826
20250617,1,100,0.065,16391
20250618,1,600,0.404,18270
20250619,1,-400,-0.27,9455
20250620,1,-400,-0.257,12965
20250623,1,600,0.367,22385
20250624,1,-800,-0.442,23249
20250625,1,-800,-0.416,25518
20250626,1,200,0.107,22276
20250627,1,-300,-0.17,24329
20250630,1,100,0.055,17392
20250701,1,-500,-0.27,24147
20250702,1,100,0.057,15407
20250703,1,1000,0.582,10730
20250704,1,-300,-0.184,17230
20250707,1,-300,-0.185,8012
20250708,1,-900,-0.521,17577
20250709,1,-1200,-0.662,10664
20250710,1,-700,-0.381,8974
20250711,1,700,0.402,18055
20250714,1,0,0.0,5489
20250715,1,1000,0.578,7432
20250716,1,700,0.402,6350
20250717,1,100,0.063,24918
20250718,1,1100,0.685,10723
20250721,1,800,0.496,5019
20250722,1,500,0.319,7136
20250723,1,800,0.513,11015
20250724,1,-700,-0.461,11385
20250725,1,900,0.588,5828
20250728,1,-1000,-0.666,8742
20250729,1,500,0.335,7318
20250730,1,0,0.0,7541
20250731,1,-100,-0.066,11188
20250801,1,700,0.499,14203
20250804,1,500,0.357,10953
20250805,1,-500,-0.348,8426
20250806,1,500,0.356,6605
20250807,1,500,0.352,7754
20250808,1,700,0.503,13733
20250811,1,-700,-0.493,5504
20250812,1,-141100,-99.717,9179
20250813,1,0,0.0,5281
20250814,1,-143400,-99.791,12780
20250818,1,600,0.436,7673
20250819,1,200,0.142,7782
20250820,1,-600,-0.438,11671
20250821,1,300,0.222,10002
20250822,1,100,0.074,5260
20250825,1,-600,-0.414,10327
20250826,1,600,0.425,8479
20250827,1,700,0.5,5887
20250828,1,400,0.267,16538
20250829,1,1100,0.738,7099
20250901,1,600,0.414,8549
20250902,1,900,0.627,5622
20250903,1,700,0.486,4023
20250904,1,-600,-0.402,8396
20250905,1,100,0.065,8138
20250908,1,-300,-0.195,3538
20250909,1,-161800,-99.877,11592
20250910,1,-500,-0.287,19128
20250911,1,-1100,-0.604,13785
20250912,1,-600,-0.304,24336
20250915,1,-500,-0.249,15872
20250916,1,500,0.243,12264
20250917,1,500,0.249,10133
20250918,1,0,0.0,16599
20250919,1,-1000,-0.462,7539
20250922,1,500,0.232,12115
20250923,1,500,0.227,8637
20250924,1,0,0.0,8266
20250925,1,500,0.237,10270
20250926,1,200,0.102,17003
20250929,1,-200,-0.101,7936
20250930,1,-200800,-99.653,14381
20251001,1,-500,-0.243,5769
20251002,1,1500,0.63,27142
20251010,1,0,0.0,25236
20251013,1,500,0.204,15434
20251014,1,2000,0.853,22268
20251015,1,-500,-0.205,10347
20251016,1,-1000,-0.388,20398
20251017,1,500,0.194,15739
20251020,1,0,0.0,12790
20251021,1,500,0.195,14149
20251022,1,0,0.0,10181
20251023,1,1500,0.593,14457
20251024,1,0,0.0,19219
20251027,1,500,0.172,16122
20251028,1,3500,1.287,13436
20251029,1,0,0.0,19851
20251030,1,-1000,-0.356,23694
20251031,1,6000,2.308,35668
20251103,1,500,0.177,23800
20251104,1,0,0.0,21727
20251105,1,500,0.192,27966
20251106,1,-3500,-1.296,20383
20251107,1,2000,0.717,31326
20251110,1,2000,0.69,19643
20251111,1,-500,-0.161,37820
20251112,1,-2500,-0.775,21308
20251113,1,-1000,-0.309,14930
20251114,1,1000,0.344,18505
20251117,1,-1500,-0.493,16421
20251118,1,1000,0.353,18996
20251119,1,1000,0.353,22653
20251120,1,-1500,-0.511,18607
20251121,1,1500,0.564,16432
20251124,1,500,0.181,21109
20251125,1,-1500,-0.516,21874
20251126,1,-1500,-0.515,16499
20251127,1,-1500,-0.498,13636
20251128,1,1000,0.336,8852
20251201,1,-1500,-0.497,12438
20251202,1,0,0.0,13448
20251203,1,-1500,-0.483,13129
20251204,1,-500,-0.16,11314
20251205,1,0,0.0,11944
20251208,1,-2500,-0.776,18918
20251209,1,-1500,-0.464,20268
20251210,1,-2500,-0.772,17584
20251211,1,1500,0.488,9509
20251212,1,2000,0.649,10632
20251215,1,500,0.171,11835
20251216,1,2500,0.89,8136
20251217,1,1500,0.53,16042
20251218,1,2000,0.688,20806
20251219,1,2500,0.861,10049
20251222,1,1000,0.317,11726
20251223,1,1000,0.317,6297
20251224,1,1500,0.467,6008
20251226,1,1000,0.299,16012
20251229,1,-500,-0.145,13890
20251230,1,0,0.0,20949
20260102,1,-1500,-0.383,17287
20260105,1,-2000,-0.481,20207
20260106,1,-5000,-1.157,23010
20260107,1,-500,-0.116,26108
20260108,1,-4500,-1.045,22703
20260109,1,500,0.116,15751
20260112,1,500,0.117,18118
20260113,1,500,0.117,12034
20260114,1,-1000,-0.23,10521
20260115,1,0,0.0,11457
20260116,1,1500,0.336,16408
20260119,1,500,0.115,14372
20260120,1,0,0.0,12533
20260121,1,2000,0.465,16090
20260122,1,-500,-0.112,26539
20260123,1,2000,0.449,15707
20260126,1,-1000,-0.227,13625
20260127,1,-500,-0.106,25866
20260128,1,0,0.0,28306
20260129,1,-1000,-0.188,35261
20260130,1,-5000,-0.877,35666
20260202,1,2000,0.396,45301
20260203,1,2000,0.366,36515
20260204,1,2000,0.351,33727
20260205,1,4000,0.749,33666
20260206,1,2000,0.389,38916
20260209,1,0,0.0,24355
20260210,1,-2000,-0.368,14972
20260211,1,-5000,-0.94,13878
20260212,1,0,0.0,20973
20260213,1,1000,0.179,20673
20260219,1,6000,1.06,13229
20260220,1,2000,0.345,22350
20260223,1,-3000,-0.517,15790
20260224,1,6000,0.972,24273
20260225,1,2000,0.309,31009
20260226,1,5000,0.736,33279
20260227,1,3000,0.465,31573
20260303,1,-5000,-0.861,42005
20260304,1,6000,1.183,68072
20260305,1,-8000,-1.413,31932
20260306,1,-1000,-0.181,39101
20260309,1,0,0.0,40943
20260310,1,-2000,-0.361,23894
20260311,1,4000,0.708,21654
20260312,1,-4000,-0.722,19857
20260313,1,1000,0.187,14364
20260316,1,3000,0.534,15737
20260317,1,-2000,-0.341,19581
20260318,1,-1000,-0.159,13200
20260319,1,4000,0.655,19067
20260320,1,-3000,-0.493,16666
20260323,1,0,0.0,30595
20260324,1,0,0.0,35692
20260325,1,0,0.0,22220
20260326,1,2000,0.358,24788
20260327,1,-1000,-0.184,28177
20260330,1,3000,0.588,30031
20260331,1,3000,0.643,76403
20260401,1,1000,0.2,42800
20260402,1,-1000,-0.213,56946
20260403,1,-2000,-0.414,31076
20260406,1,1000,0.205,29292
20260407,1,3000,0.601,30662
20260408,1,-2000,-0.346,36453
20260409,1,7000,1.25,20971
20260410,1,1000,0.176,19013
20260413,1,0,0.0,16080
20260414,1,-1000,-0.156,25497
20260415,1,4000,0.602,22806
20260416,1,2000,0.29,15819
20260417,1,-2000,-0.293,15440
20260420,1,5000,0.713,23179
20260421,1,-4000,-0.557,16334
20260422,1,-2000,-0.278,17843
20260423,1,0,0.0,34686
20260424,1,4000,0.552,18379
20260427,1,0,0.0,26109
20260428,1,0,0.0,22619
20260429,1,-3000,-0.361,29941
20260430,1,1000,0.119,23456
20260504,1,0,0.0,57945
20260506,1,-1000,-0.092,68245
20260507,1,8000,0.728,54916
20260508,1,5000,0.455,31326
20260511,1,-3000,-0.253,47993
20260512,1,-14000,-1.243,58983
20260513,1,4000,0.336,39370
20260514,1,-1000,-0.085,34380
20260515,1,11000,1.002,51370
20260518,1,-8000,-0.732,62476
20260519,1,9000,0.882,34959
20260520,1,2000,0.194,68618
20260521,1,-3000,-0.254,32397
20260522,1,7000,0.591,28005
20260526,1,4000,0.339,43462
20260527,1,4000,0.313,62037
20260528,1,17000,1.374,54923
20260529,1,2000,0.162,38926
20260601,1,-7000,-0.557,38232
20260602,1,-3000,-0.223,57889
20260604,1,-8000,-0.588,45036
20260605,1,28000,2.226,48319
20260608,1,2000,0.179,60671
20260609,1,-8000,-0.63,56229
20260610,1,12000,1.014,54736
20260611,1,-3000,-0.244,57010
20260612,1,-5000,-0.368,76191
20260615,1,-6000,-0.425,44713
20260616,1,-3000,-0.2,38754
