date,sampling_role,reason
20211228,unused_low,not_in_matched_sample
20220120,unused_low,not_in_matched_sample
20220126,unused_low,not_in_matched_sample
20220127,unused_low,not_in_matched_sample
20220404,unused_low,not_in_matched_sample
20220421,unused_low,not_in_matched_sample
20220427,unused_low,not_in_matched_sample
20220428,unused_low,not_in_matched_sample
20220503,unused_low,not_in_matched_sample
20220504,unused_low,not_in_matched_sample
20220517,unused_low,not_in_matched_sample
20220518,unused_low,not_in_matched_sample
20220519,unused_low,not_in_matched_sample
20220524,unused_low,not_in_matched_sample
20220525,unused_low,not_in_matched_sample
20220602,unused_low,not_in_matched_sample
20220603,unused_low,not_in_matched_sample
20220614,unused_low,not_in_matched_sample
20220620,unused_low,not_in_matched_sample
20220621,unused_low,not_in_matched_sample
20220720,unused_low,not_in_matched_sample
20220721,unused_low,not_in_matched_sample
20220722,unused_low,not_in_matched_sample
20220725,unused_low,not_in_matched_sample
20220728,unused_low,not_in_matched_sample
20220729,unused_low,not_in_matched_sample
20220816,unused_low,not_in_matched_sample
20220817,unused_low,not_in_matched_sample
20220823,unused_low,not_in_matched_sample
20220826,unused_low,not_in_matched_sample
20220831,unused_low,not_in_matched_sample
20220901,unused_low,not_in_matched_sample
20220902,unused_low,not_in_matched_sample
20220913,unused_low,not_in_matched_sample
20220914,unused_low,not_in_matched_sample
20220915,unused_low,not_in_matched_sample
20220916,unused_low,not_in_matched_sample
20220919,unused_low,not_in_matched_sample
20220921,unused_low,not_in_matched_sample
20220922,unused_low,not_in_matched_sample
20220923,unused_low,not_in_matched_sample
20220930,unused_low,not_in_matched_sample
20221005,unused_low,not_in_matched_sample
20221007,unused_low,not_in_matched_sample
20221013,unused_low,not_in_matched_sample
20221019,unused_low,not_in_matched_sample
20221024,unused_low,not_in_matched_sample
20221028,unused_low,not_in_matched_sample
20221031,unused_low,not_in_matched_sample
20221101,unused_low,not_in_matched_sample
20221103,unused_low,not_in_matched_sample
20221108,unused_low,not_in_matched_sample
20221109,unused_low,not_in_matched_sample
20221110,unused_low,not_in_matched_sample
20221111,unused_low,not_in_matched_sample
20221114,unused_low,not_in_matched_sample
20221115,unused_low,not_in_matched_sample
20221116,unused_low,not_in_matched_sample
20221121,unused_low,not_in_matched_sample
20221124,unused_low,not_in_matched_sample
20221125,unused_low,not_in_matched_sample
20221128,unused_low,not_in_matched_sample
20221130,unused_low,not_in_matched_sample
20221201,unused_low,not_in_matched_sample
20221202,unused_low,not_in_matched_sample
20221205,unused_low,not_in_matched_sample
20221208,unused_low,not_in_matched_sample
20221209,unused_low,not_in_matched_sample
20221214,unused_low,not_in_matched_sample
20221215,unused_low,not_in_matched_sample
20221219,unused_low,not_in_matched_sample
20221221,unused_low,not_in_matched_sample
20221223,unused_low,not_in_matched_sample
20221226,unused_low,not_in_matched_sample
20221228,unused_low,not_in_matched_sample
20230106,unused_low,not_in_matched_sample
20230109,unused_low,not_in_matched_sample
20230110,unused_low,not_in_matched_sample
20230111,unused_low,not_in_matched_sample
20230112,unused_low,not_in_matched_sample
20230113,unused_low,not_in_matched_sample
20230117,unused_low,not_in_matched_sample
20230118,unused_low,not_in_matched_sample
20230119,unused_low,not_in_matched_sample
20230125,unused_low,not_in_matched_sample
20230126,unused_low,not_in_matched_sample
20230127,unused_low,not_in_matched_sample
20230130,unused_low,not_in_matched_sample
20230131,unused_low,not_in_matched_sample
20230201,unused_low,not_in_matched_sample
20230202,unused_low,not_in_matched_sample
20230203,unused_low,not_in_matched_sample
20230207,unused_low,not_in_matched_sample
20230208,unused_low,not_in_matched_sample
20230209,unused_low,not_in_matched_sample
20230210,unused_low,not_in_matched_sample
20230214,unused_low,not_in_matched_sample
20230215,unused_low,not_in_matched_sample
20230216,unused_low,not_in_matched_sample
20230217,unused_low,not_in_matched_sample
20230228,unused_low,not_in_matched_sample
20230306,unused_low,not_in_matched_sample
20230309,unused_low,not_in_matched_sample
20230315,unused_low,not_in_matched_sample
20230320,unused_low,not_in_matched_sample
20230324,unused_low,not_in_matched_sample
20230327,unused_low,not_in_matched_sample
20230330,unused_low,not_in_matched_sample
20230403,unused_low,not_in_matched_sample
20230404,unused_low,not_in_matched_sample
20230405,unused_low,not_in_matched_sample
20230411,unused_low,not_in_matched_sample
20230413,unused_low,not_in_matched_sample
20230417,unused_low,not_in_matched_sample
20230418,unused_low,not_in_matched_sample
20230419,unused_low,not_in_matched_sample
20230420,unused_low,not_in_matched_sample
20230421,unused_low,not_in_matched_sample
20230425,unused_low,not_in_matched_sample
20230426,unused_low,not_in_matched_sample
20230427,unused_low,not_in_matched_sample
20230503,unused_low,not_in_matched_sample
20230509,unused_low,not_in_matched_sample
20230510,unused_low,not_in_matched_sample
20230511,unused_low,not_in_matched_sample
20230512,unused_low,not_in_matched_sample
20230517,unused_low,not_in_matched_sample
20230518,unused_low,not_in_matched_sample
20230519,unused_low,not_in_matched_sample
20230522,unused_low,not_in_matched_sample
20230523,unused_low,not_in_matched_sample
20230524,unused_low,not_in_matched_sample
20230530,unused_low,not_in_matched_sample
20230616,unused_low,not_in_matched_sample
20230619,unused_low,not_in_matched_sample
20230621,unused_low,not_in_matched_sample
20230622,unused_low,not_in_matched_sample
20230623,unused_low,not_in_matched_sample
20230626,unused_low,not_in_matched_sample
20230627,unused_low,not_in_matched_sample
20230630,unused_low,not_in_matched_sample
20230707,unused_low,not_in_matched_sample
20230710,unused_low,not_in_matched_sample
20230711,unused_low,not_in_matched_sample
20230712,unused_low,not_in_matched_sample
20230713,unused_low,not_in_matched_sample
20230714,unused_low,not_in_matched_sample
20230717,unused_low,not_in_matched_sample
20230718,unused_low,not_in_matched_sample
20230719,unused_low,not_in_matched_sample
20230720,unused_low,not_in_matched_sample
20230721,unused_low,not_in_matched_sample
20230726,unused_low,not_in_matched_sample
20230731,unused_low,not_in_matched_sample
20230801,unused_low,not_in_matched_sample
20230804,unused_low,not_in_matched_sample
20230808,unused_low,not_in_matched_sample
20230809,unused_low,not_in_matched_sample
20230810,unused_low,not_in_matched_sample
20230818,unused_low,not_in_matched_sample
20230821,unused_low,not_in_matched_sample
20230822,unused_low,not_in_matched_sample
20230825,unused_low,not_in_matched_sample
20230828,unused_low,not_in_matched_sample
20230904,unused_low,not_in_matched_sample
20230905,unused_low,not_in_matched_sample
20230906,unused_low,not_in_matched_sample
20230907,unused_low,not_in_matched_sample
20230912,unused_low,not_in_matched_sample
20230913,unused_low,not_in_matched_sample
20230921,unused_low,not_in_matched_sample
20230922,unused_low,not_in_matched_sample
20230925,unused_low,not_in_matched_sample
20230926,unused_low,not_in_matched_sample
20230927,unused_low,not_in_matched_sample
20231006,unused_low,not_in_matched_sample
20231011,unused_low,not_in_matched_sample
20231012,unused_low,not_in_matched_sample
20231013,unused_low,not_in_matched_sample
20231016,unused_low,not_in_matched_sample
20231019,unused_low,not_in_matched_sample
20231103,unused_low,not_in_matched_sample
20231106,unused_low,not_in_matched_sample
20231108,unused_low,not_in_matched_sample
20231113,unused_low,not_in_matched_sample
20231114,unused_low,not_in_matched_sample
20231123,unused_low,not_in_matched_sample
20231124,unused_low,not_in_matched_sample
20231128,unused_low,not_in_matched_sample
20231129,unused_low,not_in_matched_sample
20231205,unused_low,not_in_matched_sample
20231206,unused_low,not_in_matched_sample
20231207,unused_low,not_in_matched_sample
20231208,unused_low,not_in_matched_sample
20231211,unused_low,not_in_matched_sample
20231212,unused_low,not_in_matched_sample
20231221,unused_low,not_in_matched_sample
20231227,unused_low,not_in_matched_sample
20240115,unused_low,not_in_matched_sample
20240129,unused_low,not_in_matched_sample
20240312,unused_low,not_in_matched_sample
20240319,unused_low,not_in_matched_sample
20240502,unused_low,not_in_matched_sample
20240503,unused_low,not_in_matched_sample
20240509,unused_low,not_in_matched_sample
20240510,unused_low,not_in_matched_sample
20240530,unused_low,not_in_matched_sample
20240805,unused_low,not_in_matched_sample
20240806,unused_low,not_in_matched_sample
20240807,unused_low,not_in_matched_sample
20240808,unused_low,not_in_matched_sample
20240809,unused_low,not_in_matched_sample
20240813,unused_low,not_in_matched_sample
20240816,unused_low,not_in_matched_sample
20240819,unused_low,not_in_matched_sample
20240822,unused_low,not_in_matched_sample
20240823,unused_low,not_in_matched_sample
20240826,unused_low,not_in_matched_sample
20240829,unused_low,not_in_matched_sample
20240830,unused_low,not_in_matched_sample
20240902,unused_low,not_in_matched_sample
20241230,unused_low,not_in_matched_sample
20250110,unused_low,not_in_matched_sample
20250116,unused_low,not_in_matched_sample
20250117,unused_low,not_in_matched_sample
20250120,unused_low,not_in_matched_sample
20250304,unused_low,not_in_matched_sample
20250305,unused_low,not_in_matched_sample
20250306,unused_low,not_in_matched_sample
20250311,unused_low,not_in_matched_sample
20250312,unused_low,not_in_matched_sample
20250313,unused_low,not_in_matched_sample
20250314,unused_low,not_in_matched_sample
20250327,unused_low,not_in_matched_sample
20250328,unused_low,not_in_matched_sample
20250331,unused_low,not_in_matched_sample
20250414,unused_low,not_in_matched_sample
20250415,unused_low,not_in_matched_sample
20250416,unused_low,not_in_matched_sample
20250417,unused_low,not_in_matched_sample
20250418,unused_low,not_in_matched_sample
20250421,unused_low,not_in_matched_sample
20250422,unused_low,not_in_matched_sample
20250423,unused_low,not_in_matched_sample
20250502,unused_low,not_in_matched_sample
20250507,unused_low,not_in_matched_sample
20250509,unused_low,not_in_matched_sample
20250516,unused_low,not_in_matched_sample
20250520,unused_low,not_in_matched_sample
20250521,unused_low,not_in_matched_sample
20250523,unused_low,not_in_matched_sample
20250722,unused_low,not_in_matched_sample
20250723,unused_low,not_in_matched_sample
20250905,unused_low,not_in_matched_sample
20250918,unused_low,not_in_matched_sample
20251121,unused_low,not_in_matched_sample
20251127,unused_low,not_in_matched_sample
20251128,unused_low,not_in_matched_sample
20260323,unused_low,not_in_matched_sample
20260330,unused_low,not_in_matched_sample
20260331,unused_low,not_in_matched_sample
20260415,unused_low,not_in_matched_sample
20260709,unused_low,not_in_matched_sample
20260804,,after_log_end
20260805,,after_log_end
20260806,,after_log_end
20260807,,after_log_end
20260810,,after_log_end
20260811,,after_log_end
20260812,,after_log_end
20260813,,after_log_end
20260814,,after_log_end
20260818,,after_log_end
20260819,,after_log_end
20260820,,after_log_end
20260821,,after_log_end
20260824,,after_log_end
20260825,,after_log_end
20260826,,after_log_end
20260827,,after_log_end
20260828,,after_log_end
20260831,,after_log_end
20260901,,after_log_end
20260902,,after_log_end
20260903,,after_log_end
20260904,,after_log_end
20260907,,after_log_end
20260908,,after_log_end
20260909,,after_log_end
20260910,,after_log_end
20260911,,after_log_end
20260914,,after_log_end
20260915,,after_log_end
20260916,,after_log_end
