date,skq_ret,nav_discount_pct,nav_discount_delta,category,event,direction,importance,note,source
20180901,,,,자회사,11번가 설립 및 나일홀딩스 컨소시엄으로부터 5천억원 투자 유치,?,M,"Direction: 상장이전
Importance: 비핵심자회사의 투자 유치",DB증권 리포트 20231026
20190901,,,,자회사,"콘텐츠웨이브, POOQ과 옥수수 통합으로 설립",?,L,"Direction: 상장이전
Importance: 비핵심자회사의 투자 유치",DB증권 리포트 20231026
20201201,,,,자회사,"티맵모빌리티, SK텔레콤으로부터 물적분할 설립",?,L,"Direction: 상장이전
Importance: 비핵심자회사의 투자 유치",DB증권 리포트 20231026
20210326,,,,자회사,"웨이브, 2025년까지 1조원 규모 투자 계획 발표",?,L,"Direction: 상장이전
Importance: 비핵심자회사의 자본지출",대신증권 리포트 20220921
20210329,,,,자회사,콘텐츠웨이브 유상증자 실시,?,L,"Direction: 상장이전
Importance: 비핵심자회사의 Capital Injection",SK증권 리포트 20231116
20210617,,,,자회사,원스토어 유상증자 실시 (가치 평가 기준),?,L,"Direction: 상장이전
Importance: 비핵심자회사로 Capital Injection",SK증권 리포트 20230602
20210831,,,,자회사,"11번가, 아마존스토어와 T우주패스 서비스 출시",?,L,"Direction: 상장이전
Importance: 비핵심자회사의 신규서비스",현대차증권 리포트 20220117
20211101,,,,지배구조,SKT로부터 인적분할하여 신설법인으로 유가증권시장 상장,?,M,"Direction: 상장이전
Importance: 별도 기준 본사의 일반적 사항",대신증권 리포트 20221115
20211101,,,,지배구조,SK텔레콤 인적분할로 SK스퀘어 출범 (2021년 12월 지주회사 승인),?,M,"Direction: 상장이전
Importance: 별도 기준 본사의 일반적 사항",다올투자증권 리포트 20220516
20211105,,,,자회사,원스토어 전환우선주 보통주 전환,?,L,"Direction: 상장이전
Importance: 비핵심 자회사의 자본구조 조정",다올투자증권 리포트 20220721
20211118,,,,신규투자,가상자산거래소 코빗에 900억원 지분투자 발표,?,L,"Direction: 상장이전
Importance: 비핵심자산 지분 취득",다올투자증권 리포트 20220516
20211123,,,,신규투자,디지털 휴먼 제작사 온마인드에 80억원 지분투자 발표,?,L,"Direction: 상장이전
Importance: 비핵심자산 지분 취득",다올투자증권 리포트 20220516
20211125,,,,자회사,"원스토어, 블리자드 디아블로 이모탈 사전예약 개시",?,L,"Direction: 상장이전
Importance: 비핵심자회사의 신규서비스",현대차증권 리포트 20220117
20211126,,,,자회사,원스토어 코스피 상장 예비심사 청구,?,L,"Direction: 상장이전
Importance: 비핵심자회사의 IPO Process 시작",현대차증권 리포트 20220117
20211129,,,,지배구조,SKT에서 인적분할하여 신설법인으로 신규 상장,?,L,"Direction: 별도 기준 본사의 일반적 사항
Importance: 별도 기준 본사의 일반적 사항",대신증권 리포트 20230331
20211129,,,,NAV 할인율,출범 당시 NAV 할인율 56.8%로 상대적 저평가 인식 (재평가 기대),+,H,"Direction: 별도 기준 본사의 일반적 사항
Importance: SK스퀘어 주가의 저평가 현황을 조명",다올투자증권 리포트 20220516
20211130,-10.53,59,4.2,자회사,11번가 월간 활성 사용자수(MAU) 1000만명 돌파,?,L,"Direction: 비핵심자산의 비재무지표
Importance: 비핵심자산의 일반적 사항",현대차증권 리포트 20220117
20211227,-0.91,63.7,-0.1,신규투자,"SK스퀘어, 국내최대 農 혁신기업 ‘그린랩스’에 투자",-,L,"Direction: 핵심사업 (AI/반도체 투자)와 정합성 결여. 현금 유출
Importance: 비핵심자산 지분 취득",SK스퀘어 홈페이지 뉴스룸 20211227
20211231,,,,실적발표,"SK스퀘어 2021년 연결 매출 1.1조원, 영업이익 4,198억원",?,M,"Direction: 지주업 특성상 분기실적이 일별 주가에 방향성에 주는 영향은 제한적
Importance: 자회사 실적 뉴스 대비 높은 시장 관심도",대신증권 리포트 20220921
20211231,,,,실적발표,"2021년말 순차입금 100억원으로 전환 (순현금 3,900억원 대비)",?,L,"Direction: 설립 초기 대차대조표 초기화 노력 (주가 방향성에 주는 영향 미미)
Importance: 설립 초기 대차대조표 초기화 노력 (일별 주가에 주는 영향 미미)",다올투자증권 리포트 20220516
20211231,,,,NAV 할인율,상장 직후 NAV 대비 60% 할인율 형성,?,L,"Direction: 별도 기준 본사의 일반적 사항
Importance: SK스퀘어 주가의 저평가 현황을 조명",대신증권 리포트 20231116
20220101,,,,자회사,원스토어 전환우선주 발행가액 기준 보통주 전환 반영 (NAV),?,L,"Direction: 애널리스트 레포트의 SOTP 근거
Importance: 비핵심 자회사의 자본구조 조정",현대차증권 리포트 20250508
20220117,0.51,67.2,-0.5,증권사리포트,현대차증권 목표주가 90000원 신규 제시 (매수),+,M,"Direction: 투자의견 매수, 목표주가 신규 제시
Importance: Initiation Report",현대차증권 리포트 20220117
20220117,0.51,67.2,-0.5,자회사,"원스토어 2021년 매출 2067억(YoY+33.2%), 영업손실 60억(적자지속) 전망",-,L,"Direction: 비핵심자회사의 분기실적이 일별 주가에 방향성에 주는 영향은 제한적
Importance: 비핵심자회사의 분기실적이 일별 주가에 주는 영향은 미미",현대차증권 리포트 20220117
20220117,0.51,67.2,-0.5,실적발표,"SK스퀘어 2021년 매출 3.5조원, 영업이익 13억원 전망",?,M,"Direction: 지주업 특성상 분기실적이 일별 주가에 방향성에 주는 영향은 제한적
Importance: 자회사 실적 뉴스 대비 높은 시장 관심도",현대차증권 리포트 20220117
20220128,0.36,68.3,1.4,자회사,매출액또는손익구조30%(대규모법인은15%)이상변경(자회사의 주요경영사항),+,H,"Direction: 핵심 자회사의 호실적
Importance: 핵심 자회사의 호실적",DART 20220128 rcpNo=20220128800013
20220128,0.36,68.3,1.4,자회사,금전대여결정(자회사의 주요경영사항)(기재정정),?,L,"Direction: 핵심 자회사의 일반적 사항
Importance: 핵심 자회사의 일반적 사항",DART 20220128 rcpNo=20220128800286
20220128,0.36,68.3,1.4,자회사,타법인주식및출자증권취득결정(자회사의 주요경영사항),?,M,"Direction: 핵심 자회사의 일반적 사항
Importance: 핵심 자회사의 일반적 사항",DART 20220128 rcpNo=20220128800017
20220128,0.36,68.3,1.4,자회사,현금ㆍ현물배당결정(자회사의 주요경영사항),+,H,"Direction: 핵심 자회사인 SK하이닉스의 주주환원. SK스퀘어 별도 기준 본사로 현금유입
Importance: 핵심 자회사의 주주환원",DART 20220128 rcpNo=20220128800003
20220209,2.05,66.7,-0.4,이사회,주요사항보고서(자기주식처분결정),?,L,"Direction: 기보유 자사주를 활용한 임직원 보상
Importance: 기보유 자사주를 활용한 임직원 보상",DART 20220209 rcpNo=20220208000558
20220210,-4.52,68.9,2.2,실적발표,재무상태표 – 2021년 11월 1일 기준,?,M,"Direction: 지주업 특성상 분기실적이 일별 주가에 방향성에 주는 영향은 제한적
Importance: 자회사 실적 뉴스 대비 높은 시장 관심도",SK스퀘어 홈페이지 IR자료실 20220210
20220225,3.62,67.5,-1,실적발표,Q4 ’21 Portfolio Update,?,M,"Direction: 지주업 특성상 분기실적이 일별 주가에 방향성에 주는 영향은 제한적
Importance: 자회사 실적 뉴스 대비 높은 시장 관심도",https://www.sksquare.com/kor/ir/presentation.do
20220317,2.53,70.3,0.6,실적발표,2021-Pro Forma 연결재무제표,?,M,"Direction: 지주업 특성상 분기실적이 일별 주가에 방향성에 주는 영향은 제한적
Importance: 자회사 실적 뉴스 대비 높은 시장 관심도",https://www.sksquare.com/kor/ir/presentation.do
20220319,,,,자회사,11번가 상장 철회,-,H,"Direction: 비핵심 자회사의 IPO 실패
Importance: 비핵심 자회사의 IPO 실패에 따른 별도 기준 본사의 Capital Injection 가능성에 대한 시장의 우려",다올투자증권 리포트 20220721
20220328,2.9,66.8,-0.9,이사회,"SK스퀘어, 제1기 정기 주주총회 개최",?,M,"Direction: 별도 기준 본사의 일반적인 사항
Importance: 주가 방향성에는 영향이 제한적이나 일반적인 시장의 관심은 높은편",SK스퀘어 홈페이지 뉴스룸 20220328
20220331,1.07,66.7,-1,SK하이닉스,SK하이닉스 1분기 배당으로 SK스퀘어 2770억원 수익,+,M,"Direction: 지주업 특성상 분기실적이 일별 주가에 방향성에 주는 영향은 제한적
Importance: 자회사 실적 뉴스 대비 높은 시장 관심도",다올투자증권 리포트 20220721
20220331,1.07,66.7,-1,자회사,SK쉴더스 IPO 하단 기준 시총으로 가치 재산정,-,H,"Direction: 비핵심 자회사의 IPO 흥행 참패
Importance: 잇다른 비핵심 자회사의 IPO 실패에 대한 시장의 실망감",다올투자증권 리포트 20220721
20220331,1.07,66.7,-1,Portfolio Rebalance,SK엠앤서비스 723억원에 매각 (SK스퀘어에 500억원 배당금 유입),+,M,"Direction: SK스퀘어에 현금 유입
Importance: SK스퀘어 기업 규모 대비 소규모 매각 건",대신증권 리포트 20230331
20220412,-1.25,66,0.3,자회사,콘텐츠웨이브 주주배정 유상증자,?,L,"Direction: 애널리스트 레포트의 SOTP 근거
Importance: 비핵심 자회사의 자본구조 조정",다올투자증권 리포트 20220721
20220415,-0.7,64.2,-0.3,자회사,원스토어 유상증자 (스톡옵션),?,L,"Direction: 애널리스트 레포트의 SOTP 근거
Importance: 비핵심 자회사의 자본구조 조정",다올투자증권 리포트 20220721
20220418,-2.45,65.4,1.2,Portfolio Rebalance,나노엔텍 지분 580억원에 매각 결정,+,M,"Direction: SK스퀘어에 현금 유입
Importance: SK스퀘어 기업 규모 대비 소규모 매각 건",대신증권 리포트 20220921
20220501,,,,자회사,서울공항리무진 인수 (티맵 모빌리티 자회사 편입),?,L,"Direction: 비핵심 자회사의 자본 지출
Importance: 비핵심 자회사의 자본지출",대신증권 리포트 20230516
20220502,-2.47,68.3,0.3,이사회,"자기주식 5,208주 사외이사 보수로 처분",+,L,"Direction: 이사회와 주주간 Aligned Interest
Importance: SK스퀘어 기업규모 대비 소규모",현대차증권 리포트 20250711
20220502,-2.47,68.3,0.3,자회사,SK쉴더스 공모가 우려 및 상장 철회로 주가 하락,-,H,"Direction: 비핵심 자회사의 IPO 흥행 참패
Importance: 잇다른 비핵심 자회사의 IPO 실패에 대한 시장의 실망감",다올투자증권 리포트 20220516
20220506,,69.6,,자회사,"SK쉴더스, 글로벌 긴축 및 수요예측 부진으로 증권신고서 철회(상장 연기) 단독 보도",-,H,"Direction: 비핵심 자회사의 IPO 흥행 참패
Importance: 잇다른 비핵심 자회사의 IPO 실패에 대한 시장의 실망감",https://www.sedaily.com/article/13381841
20220506,,69.6,,신규투자,"SK스퀘어-SKT, 글로벌 게임사 ‘해긴’에 공동 투자",?,L,"Direction: 핵심사업 (AI/반도체 투자)와 정합성 결여. 현금 유출
Importance: 비핵심자산 지분 취득",SK스퀘어 홈페이지 뉴스룸 20220506
20220506,,69.6,,자회사,"원스토어, 수요예측 참패 및 재무적 투자자(FI) 반대로 상장 철회 최종 결정 단독 보도",-,H,"Direction: 비핵심 자회사의 IPO 흥행 참패
Importance: 잇다른 비핵심 자회사의 IPO 실패에 대한 시장의 실망감",https://www.fnnews.com/news/202205111538089206
20220509,-5.27,71.2,1.6,자회사,SK쉴더스 상장 철회 (시장 상황 악화),-,H,"Direction: 비핵심 자회사의 IPO 흥행 참패
Importance: 잇다른 비핵심 자회사의 IPO 실패에 대한 시장의 실망감",SK증권 리포트 20230110
20220511,-3.25,72.4,1,자회사,원스토어 상장 철회 (시장 상황 악화),-,H,"Direction: 비핵심 자회사의 IPO 흥행 참패
Importance: 잇다른 비핵심 자회사의 IPO 실패에 대한 시장의 실망감",SK증권 리포트 20230110
20220516,0.45,72.5,-0.5,실적발표,"2022년 매출 5.5조원, 영업이익 2.4조원 전망",-,L,"Direction: 지주업 특성상 분기실적이 일별 주가에 방향성에 주는 영향은 제한적
Importance: 자회사 실적 뉴스 대비 높은 시장 관심도",다올투자증권 리포트 20220516
20220516,0.45,72.5,-0.5,증권사리포트,다올투자증권 목표주가 61000원 제시 (매수),+,M,"Direction: 투자의견 매수, 목표주가 신규 제시
Importance: Initiation Report",다올투자증권 리포트 20220721
20220516,0.45,72.5,-0.5,실적발표,Q1 ’22 Portfolio Update,-,L,"Direction: 지주업 특성상 분기실적이 일별 주가에 방향성에 주는 영향은 제한적
Importance: 자회사 실적 뉴스 대비 높은 시장 관심도",https://www.sksquare.com/kor/ir/presentation.do
20220516,0.45,72.5,-0.5,실적발표,"SK스퀘어, 2022년 1분기 실적 발표",-,L,"Direction: 지주업 특성상 분기실적이 일별 주가에 방향성에 주는 영향은 제한적
Importance: 자회사 실적 뉴스 대비 높은 시장 관심도",SK스퀘어 홈페이지 뉴스룸 20220516
20220601,,,,자회사,11번가 5천억원 규모 유상증자 유치 (기업가치 2.75조원),?,L,"Direction: 애널리스트 레포트의 SOTP 근거
Importance: 비핵심 자회사의 자본구조 조정",대신증권 리포트 20221115
20220629,-1.57,71.7,0.2,이사회,"자기주식 6,800주 직원 보수로 처분",+,L,"Direction: 이사회와 주주간 Aligned Interest
Importance: SK스퀘어 기업규모 대비 소규모",현대차증권 리포트 20250711
20220629,-1.57,71.7,0.2,기타,"SK스퀘어, 사외이사-임직원 토크콘서트 개최",-,L,"Direction: 설립초기 초저평가 당시 주주로부터 Negative Feedback 수취
Importance: 기업가치에 미치는 영향은 미미하나 투자 Sentiment에는 영향",SK스퀘어 홈페이지 뉴스룸 20220629
20220630,-4.17,72.2,0.5,실적발표,"SK스퀘어 2Q22 연결 매출 9,504억원, 영업이익 5,093억원",-,L,"Direction: 지주업 특성상 분기실적이 일별 주가에 방향성에 주는 영향은 제한적
Importance: 자회사 실적 뉴스 대비 높은 시장 관심도",대신증권 리포트 20220921
20220630,-4.17,72.2,0.5,자회사,"FSK L&S 2Q22 매출 1,330억원, 당기순이익 91억원",?,L,"Direction: 비핵심자회사의 분기실적이 일별 주가에 방향성에 주는 영향은 제한적
Importance: 비핵심자회사의 분기실적이 일별 주가에 주는 영향은 미미",대신증권 리포트 20220921
20220630,-4.17,72.2,0.5,자회사,"SK플래닛 2Q22 매출 642억원, 당기순손실 136억원",?,L,"Direction: 비핵심자회사의 분기실적이 일별 주가에 방향성에 주는 영향은 제한적
Importance: 비핵심자회사의 분기실적이 일별 주가에 주는 영향은 미미",대신증권 리포트 20220921
20220721,0.6,72.7,-0.1,증권사리포트,목표할인율 60%로 하향 조정 (자산 유동화 결정 반영),+,M,"Direction: 목표 NAV 할인율 하향
Importance: NAV 할인율에 근거한 Valuation",다올투자증권 리포트 20220721
20220801,-0.7,71.2,0.1,자회사,티맵모빌리티 2천억원 규모 유상증자 유치 (기업가치 2.4조원),+,M,"Direction: 비핵심자회사의 자본유치
Importance: SK스퀘어 기업 규모 대비 소규모 투자 유치 건",대신증권 리포트 20221115
20220801,-0.7,71.2,0.1,자회사,11번가 상장을 위한 주관사 선정 완료 (IPO 기대감),+,L,"Direction: 비핵심자회사의 IPO에 대한 기대감
Importance: SK스퀘어 기업 규모 대비 소규모 IPO 건, 당시 IPO 시장 수요 저조하여 기대감 낮았음",SK증권 리포트 20230110
20220816,,70.3,,실적발표,Q2 ’22 Portfolio Update,-,L,"Direction: 지주업 특성상 분기실적이 일별 주가에 방향성에 주는 영향은 제한적
Importance: 자회사 실적 뉴스 대비 높은 시장 관심도",https://www.sksquare.com/kor/ir/presentation.do
20220816,,70.3,,실적발표,"SK스퀘어, 2022년 2분기 실적 발표",-,L,"Direction: 지주업 특성상 분기실적이 일별 주가에 방향성에 주는 영향은 제한적
Importance: 자회사 실적 뉴스 대비 높은 시장 관심도",SK스퀘어 홈페이지 뉴스룸 20220816
20220819,-1.49,70.7,0.6,자회사,십일번가 유상증자 (스톡옵션) 반영,?,L,"Direction: 애널리스트 레포트의 SOTP 근거
Importance: 비핵심 자회사의 자본구조 조정",다올투자증권 리포트 20220721
20220825,1.23,71.5,-0.2,증권사리포트,다올투자증권 목표주가 58000원으로 하향 (매수 유지),-,M,"Direction: 기존 투자의견 유지, 목표주가 하향 조정
Importance: 펀더멘털 둔화를 반영한 목표주가 조정",다올투자증권 리포트 20220825
20220825,1.23,71.5,-0.2,증권사리포트,목표 할인율 62%로 상향 (시장 변동성 확대 반영),-,H,"Direction: 목표 NAV 할인율 상향
Importance: NAV 할인율에 근거한 Valuation",다올투자증권 리포트 20220825
20220921,-1.49,71.1,0.4,증권사리포트,"대신증권 SK스퀘어 목표주가 58,000원으로 제시 (매수)",+,M,"Direction: 투자의견 매수, 목표주가 신규 제시
Importance: Initiation Report",대신증권 리포트 20220921
20221026,2.63,72.8,-0.6,SK하이닉스,SK하이닉스 3Q 순이익 감소 발표,-,H,"Direction: 핵심 자회사(SK하이닉스) 가치 변동이 NAV에 직접 반영
Importance: SK스퀘어 NAV의 최대 비중을 차지하는 핵심 자산",대신증권 리포트 20221115
20221101,-0.54,72.3,0.5,자회사,11번가 3Q22 사상최대 분기매출 기록 (슈팅배송),+,L,"Direction: 비핵심자회사의 실적 개선
Importance: 개별 자회사 영향은 제한적이나 누적 시 NAV·투자심리에 긍정적",SK증권 리포트 20230110
20221114,-0.74,71.1,-0.4,증권사리포트,"대신증권 목표주가 58,000원으로 유지 (매수 유지)",?,L,"Direction: 투자의견 및 목표주가 유지
Importance: 투자의견 및 목표주가 유지",대신증권 리포트 20240517
20221114,-0.74,71.1,-0.4,실적발표,Q3 ’22 Portfolio Update,-,L,"Direction: 지주업 특성상 분기실적이 일별 주가에 방향성에 주는 영향은 제한적
Importance: 자회사 실적 뉴스 대비 높은 시장 관심도",https://www.sksquare.com/kor/ir/presentation.do
20221114,-0.74,71.1,-0.4,실적발표,"SK스퀘어, 2022년 3분기 실적 발표",-,L,"Direction: 지주업 특성상 분기실적이 일별 주가에 방향성에 주는 영향은 제한적
Importance: 자회사 실적 뉴스 대비 높은 시장 관심도",SK스퀘어 홈페이지 뉴스룸 20221114
20221115,-1.11,71.6,0.5,실적발표,"3Q NAV 19.7조원, 주당 13.9만원으로 2Q 대비 3% 하락",-,H,"Direction: NAV 하락
Importance: 주력 자회사인 SK하이닉스의 실적 저조",대신증권 리포트 20221115
20221115,-1.11,71.6,0.5,증권사리포트,"대신증권 목표주가 58,000원 제시 (매수 유지)",?,L,"Direction: 투자의견 및 목표주가 유지
Importance: 투자의견 및 목표주가 유지",대신증권 리포트 20221115
20221115,-1.11,71.6,0.5,증권사리포트,"대신증권, 2022F/2023F 실적 전망치 하향 조정",-,H,"Direction: 기존 투자의견 유지, 실적 전망치 및 목표주가 하향 조정
Importance: 펀더멘털 둔화를 반영한 목표주가 조정",대신증권 리포트 20221115
20221115,-1.11,71.6,0.5,NAV 할인율,"NAV 할인율 73% 수준, 상장 후 최대치 75%에 근접",-,H,"Direction: 가장 중요한 지표인 NAV 할인율의 증가 조명
Importance: SK스퀘어 주가의 저평가 현황을 조명",대신증권 리포트 20221115
20221115,-1.11,71.6,0.5,자회사,자회사 IPO 연기로 NAV 할인율 70% 상회,-,H,"Direction: 애널리스트 레포트의 SOTP 근거
Importance: 비핵심 자회사의 IPO 흥행참패",대신증권 리포트 20221115
20221115,-1.11,71.6,0.5,자회사,"티맵모빌리티 3Q 매출 584억원(+52% yoy), MAU 역대 최고",+,L,"Direction: 비핵심자산의 재무지표
Importance: 비핵심자산의 비재무지표 상승",대신증권 리포트 20221115
20221115,-1.11,71.6,0.5,자회사,"11번가, 아이폰14 등 애플 제품 입점 확대 및 아마존 협업 강화",?,L,"Direction: 비핵심자회사의 사업 진행 상황
Importance: 일별 주가 방향성에 미치는 영향은 제한적",대신증권 리포트 20221115
20221115,-1.11,71.6,0.5,실적발표,"3Q22 실적 발표: 영업수익 1.2조원, 영업이익 1,732억원",-,L,"Direction: 지주업 특성상 분기실적이 일별 주가에 방향성에 주는 영향은 제한적
Importance: 자회사 실적 뉴스 대비 높은 시장 관심도",대신증권 리포트 20221115
20221117,-3.09,71.3,0,ESG,"SK스퀘어, 부패방지경영시스템 국제표준 인증 획득",?,L,"Direction: ESG 인증·성과가 주가 방향성에 미치는 영향은 제한적
Importance: 기업 이미지 제고 효과는 있으나 일별 주가 영향은 미미",SK스퀘어 홈페이지 뉴스룸 20221117
20221121,-3.25,72.4,0.4,자회사,"SK스퀘어 첫 투자 온마인드社, 하나은행 투자 유치",?,L,"Direction: 비핵심자회사의 자본유치
Importance: 주주환원 재원 및 NAV 할인율 축소 기대 요인",SK스퀘어 홈페이지 뉴스룸 20221121
20221201,0.13,71.9,-0.1,자회사,콘텐츠웨이브 유상증자 통해 1.2조원 기업가치 인정,-,L,"Direction: SK스퀘어의 현금 유출
Importance: SK스퀘어 기업규모 대비 미미한 수준",SK증권 리포트 20230110
20221231,,,,자회사,T맵 모빌리티 2022년 매출 2.1천억원(+178% YoY) 달성,+,L,"Direction: 비핵심자회사의 실적 개선
Importance: 개별 자회사 영향은 제한적이나 누적 시 NAV·투자심리에 긍정적",대신증권 리포트 20230227
20221231,,,,자회사,11번가 2022년 매출 7.9천억원(+41% YoY)으로 역대 최대 달성,+,L,"Direction: 비핵심자회사의 실적 개선
Importance: 개별 자회사 영향은 제한적이나 누적 시 NAV·투자심리에 긍정적",대신증권 리포트 20230227
20221231,,,,실적발표,"SK스퀘어 2022년 매출 45.1조, 영업이익 1.6조, 지배순이익 2.3천억원",?,M,"Direction: SK하이닉스 지분법이익 반영에 따른 연결실적 변동
Importance: 지주회사 특성상 실적 자체보다 SK하이닉스 실적에 후행하는 결과",대신증권 리포트 20230227
20221231,,,,자회사,"FSK 2022년 매출 5천억원(+65% YoY), OP 240억원(+61% YoY) 달성",+,L,"Direction: 비핵심자회사의 실적 개선
Importance: 개별 자회사 영향은 제한적이나 누적 시 NAV·투자심리에 긍정적",대신증권 리포트 20230227
20230101,,,,SK하이닉스,반도체 수요 증가에 따른 SK하이닉스 주가 상승,+,H,"Direction: 핵심 자회사(SK하이닉스) 가치 변동이 NAV에 직접 반영
Importance: SK스퀘어 NAV의 최대 비중을 차지하는 핵심 자산",대신증권 리포트 20250818
20230106,1.95,74.1,-0.2,반도체,삼성전자 4Q22 잠정 실적 부진 발표에도 주가 반등,+,M,"Direction: 반도체 업황 전반에 대한 투자심리 개선
Importance: SK하이닉스를 통한 간접 영향",SK증권 리포트 20230110
20230110,1.01,74,-0.2,증권사리포트,"SK증권 목표주가 50,000원으로 제시 (매수)",+,M,"Direction: 투자의견 매수, 목표주가 신규 제시
Importance: Initiation Report",SK증권 리포트 20230602
20230201,1.93,73.8,0.1,SK하이닉스,SK하이닉스 4Q22 대규모 영업적자 발표,-,H,"Direction: 핵심 자회사(SK하이닉스) 가치 변동이 NAV에 직접 반영
Importance: SK스퀘어 NAV의 최대 비중을 차지하는 핵심 자산",SK증권 리포트 20230227
20230213,-1.75,73.9,-0.1,주주환원,"자기주식 65,790주 상여로 처분",?,L,"Direction: 핵심 주주환원 정책 (자사주 매입·소각)
Importance: NAV 할인율 축소를 위한 대표적 주주환원 수단",현대차증권 리포트 20250711
20230214,1.23,74.1,0.2,실적발표,"4Q22 영업수익 4.2천억원(-66% QoQ), 영업이익 -8.9천억원(적전) 기록",-,H,"Direction: SK하이닉스 지분법이익 반영에 따른 연결실적 변동
Importance: 지주회사 특성상 실적 자체보다 SK하이닉스 실적에 후행하는 결과",대신증권 리포트 20230227
20230223,3.42,73.4,-0.1,주주환원,주주총회 소집 결의 공시 (자본준비금 감액 안건 포함),+,M,"Direction: 핵심 주주환원 정책 (자사주 매입·소각)
Importance: NAV 할인율 축소를 위한 대표적 주주환원 수단",SK증권 리포트 20230227
20230223,3.42,73.4,-0.1,실적발표,Q4 ’22 Portfolio Update,?,L,"Direction: SK하이닉스 지분법이익 반영에 따른 연결실적 변동
Importance: 지주회사 특성상 실적 자체보다 SK하이닉스 실적에 후행하는 결과",https://www.sksquare.com/kor/ir/presentation.do
20230223,3.42,73.4,-0.1,실적발표,"SK스퀘어, 2022년 연간 실적 발표",?,M,"Direction: SK하이닉스 지분법이익 반영에 따른 연결실적 변동
Importance: 지주회사 특성상 실적 자체보다 SK하이닉스 실적에 후행하는 결과",SK스퀘어 홈페이지 뉴스룸 20230223
20230226,,,,SK하이닉스,SK하이닉스 지분가치 2.3조원 상승으로 SK스퀘어 NAV 13% 증가,+,H,"Direction: 핵심 자회사(SK하이닉스) 가치 변동이 NAV에 직접 반영
Importance: SK스퀘어 NAV의 최대 비중을 차지하는 핵심 자산",대신증권 리포트 20230227
20230227,-1.53,72.2,0.2,자회사,11번가 2022년 역대 최대 매출 달성에도 OP 적자 지속,?,M,"Direction: 비핵심자회사의 실적 개선
Importance: 개별 자회사 영향은 제한적이나 누적 시 NAV·투자심리에 긍정적",대신증권 리포트 20230227
20230227,-1.53,72.2,0.2,증권사리포트,"SK증권 목표주가 55,000원 상향 (매수 유지)",+,M,"Direction: 기존 투자의견 유지, 목표주가 상향 조정
Importance: 펀더멘털 개선을 반영한 목표주가 조정",SK증권 리포트 20240205
20230227,-1.53,72.2,0.2,실적발표,"2022년 연간 매출액 45.1조, 영업이익 1.6조, 지배순이익 2363억원 달성",?,H,"Direction: SK하이닉스 지분법이익 반영에 따른 연결실적 변동
Importance: 지주회사 특성상 실적 자체보다 SK하이닉스 실적에 후행하는 결과",대신증권 리포트 20230227
20230227,-1.53,72.2,0.2,자회사,"FSK 2022년 매출액 5천억원(+65% yoy), OP 240억원(+61% yoy) 달성",+,M,"Direction: 비핵심자회사의 실적 개선
Importance: 개별 자회사 영향은 제한적이나 누적 시 NAV·투자심리에 긍정적",대신증권 리포트 20230227
20230227,-1.53,72.2,0.2,실적발표,"4Q22 영업수익 4.2천억(-66% qoq), 영업이익 -8.9천억(적자전환)",-,H,"Direction: SK하이닉스 지분법이익 반영에 따른 연결실적 변동
Importance: 지주회사 특성상 실적 자체보다 SK하이닉스 실적에 후행하는 결과",대신증권 리포트 20230227
20230227,-1.53,72.2,0.2,자회사,T맵모빌리티 2022년 매출액 2.1천억원 달성(+178% yoy)했으나 OP 적자 지속,+,L,"Direction: 비핵심자회사의 실적 개선
Importance: 개별 자회사 영향은 제한적이나 누적 시 NAV·투자심리에 긍정적",대신증권 리포트 20230227
20230227,-1.53,72.2,0.2,자회사,자회사 IPO 연기 영향으로 NAV 할인율 70% 상회,-,M,"Direction: 애널리스트 레포트의 SOTP 근거
Importance: 비핵심 자회사의 자본구조 조정",대신증권 리포트 20230227
20230227,-1.53,72.2,0.2,증권사리포트,"SK증권 목표주가 55,000원으로 최초 제시 (매수)",+,M,"Direction: 투자의견 매수, 목표주가 신규 제시
Importance: Initiation Report",SK증권 리포트 20250226
20230227,-1.53,72.2,0.2,증권사리포트,"대신증권 투자의견 매수, 목표주가 58,000원 유지",+,M,"Direction: 투자의견 및 목표주가 유지
Importance: 투자의견 및 목표주가 유지",대신증권 리포트 20230227
20230227,-1.53,72.2,0.2,NAV 할인율,NAV 할인율 74%로 상장 후 최대 수준 근접 (저평가),+,M,"Direction: 별도 기준 본사의 일반적 사항
Importance: SK스퀘어 주가의 저평가 현황을 조명",대신증권 리포트 20230227
20230228,-0.9,72.3,0.1,Harvest,SK쉴더스 지분 매각 공시 (EQT Partners),+,H,"Direction: 비핵심 자회사 매각을 통한 확정 이익(Profit) 실현 (Harvest)
Importance: 주주환원 재원 확보 및 NAV 할인율 축소 기대",대신증권 리포트 20230516
20230301,,,,주주환원,"1,100억원 규모 자기주식 취득 시작",+,M,"Direction: 핵심 주주환원 정책 (자사주 매입·소각)
Importance: NAV 할인율 축소를 위한 대표적 주주환원 수단",SK증권 리포트 20230602
20230301,,,,Harvest,"SK스퀘어-EQT 공동경영, SK쉴더스 '글로벌 토털 시큐리티 컴퍼니'로 키운다",?,L,"Direction: 비핵심 자회사 매각을 통한 확정 이익(Profit) 실현 (Harvest)
Importance: 주주환원 재원 확보 및 NAV 할인율 축소 기대",SK스퀘어 홈페이지 뉴스룸 20230301
20230302,,71.6,,Harvest,Portfolio Update - SK shieldus,+,H,"Direction: 비핵심 자회사 매각을 통한 확정 이익(Profit) 실현 (Harvest)
Importance: 주주환원 재원 확보 및 NAV 할인율 축소 기대",https://www.sksquare.com/kor/ir/presentation.do
20230302,,71.6,,Harvest,"SK쉴더스 지분 매각, NAV에 가치 반영",+,M,"Direction: 비핵심 자회사 매각을 통한 확정 이익(Profit) 실현 (Harvest)
Importance: 주주환원 재원 확보 및 NAV 할인율 축소 기대",SK증권 리포트 20240205
20230302,,71.6,,Harvest,SK쉴더스 지분 성공적 매각,+,M,"Direction: 비핵심 자회사 매각을 통한 확정 이익(Profit) 실현 (Harvest)
Importance: 주주환원 재원 확보 및 NAV 할인율 축소 기대",SK증권 리포트 20230602
20230313,-0.39,71.2,0.3,증권사리포트,대신증권 목표주가 58000원 유지 (매수 유지),?,L,"Direction: 투자의견 및 목표주가 유지
Importance: 투자의견 및 목표주가 유지",대신증권 리포트 20230313
20230324,-0.4,72.5,-0.1,이사회,"SK스퀘어 사외이사, 해외 투자유치 직접 나섰다",?,L,"Direction: 별도 기준 본사의 일반적인 사항
Importance: 주가 방향성에는 영향이 제한적이나 일반적인 시장의 관심은 높은편",SK스퀘어 홈페이지 뉴스룸 20230324
20230330,,,,주주환원,"1,100억원 자사주 매입 공시 (Batch 1)",+,H,"Direction: SK스퀘어에 현금 유입
Importance: NAV 할인율 축소를 위한 대표적 주주환원 수단",공시
20230330,3.29,71.5,-0.5,SK하이닉스,SK하이닉스 배당 축소/유상증자 계획 없음 (전일 주총 발표),+,M,"Direction: 핵심 자회사(SK하이닉스) 가치 변동이 NAV에 직접 반영
Importance: SK스퀘어 NAV의 최대 비중을 차지하는 핵심 자산",대신증권 리포트 20230331
20230331,1.15,71.1,-0.4,자회사,"콘텐츠 웨이브 2022년 영업손실 약 1,200억원 기록",-,L,"Direction: 비핵심자회사의 실적 개선
Importance: 개별 자회사 영향은 제한적이나 누적 시 NAV·투자심리에 긍정적",흥국증권 리포트 20231121
20230331,1.15,71.1,-0.4,주주환원,"1,100억원 규모 자기주식 취득 결정 (23.3.31~23.9.29)",+,H,"Direction: 핵심 주주환원 정책 (자사주 매입·소각)
Importance: NAV 할인율 축소를 위한 대표적 주주환원 수단",현대차증권 리포트 20250711
20230331,1.15,71.1,-0.4,증권사리포트,"대신증권 목표주가 58,000원 유지 (매수 유지)",?,M,"Direction: 투자의견 및 목표주가 유지
Importance: 투자의견 및 목표주가 유지",대신증권 리포트 20230331
20230331,1.15,71.1,-0.4,실적발표,"2022년 연간 실적 발표 (매출 4.5조, 영업이익 163억)",?,M,"Direction: SK하이닉스 지분법이익 반영에 따른 연결실적 변동
Importance: 지주회사 특성상 실적 자체보다 SK하이닉스 실적에 후행하는 결과",대신증권 리포트 20230331
20230331,1.15,71.1,-0.4,Harvest,"SK쉴더스 지분 일부 EQT파트너스에 매각 결정 (현금 8,646억원 유입)",+,H,"Direction: 비핵심 자회사 매각을 통한 확정 이익(Profit) 실현 (Harvest)
Importance: 주주환원 재원 확보 및 NAV 할인율 축소 기대",대신증권 리포트 20230331
20230426,2.15,70.4,-0.2,SK하이닉스,SK하이닉스 1Q23 대규모 영업손실 발표,-,H,"Direction: 핵심 자회사(SK하이닉스) 가치 변동이 NAV에 직접 반영
Importance: SK스퀘어 NAV의 최대 비중을 차지하는 핵심 자산",대신증권 리포트 20230516
20230426,2.15,70.4,-0.2,SK하이닉스,SK하이닉스 1Q23 순이익 -2.6조원 기록,-,H,"Direction: 핵심 자회사(SK하이닉스) 가치 변동이 NAV에 직접 반영
Importance: SK스퀘어 NAV의 최대 비중을 차지하는 핵심 자산",SK증권 리포트 20230602
20230501,,,,자회사,EU 디지털시장법(DMA) 5월 시행 예정 (애플 아이폰 서드파티 앱스토어 허용),+,M,"Direction: 비핵심자회사의 사업 진행 상황
Importance: 일별 주가 방향성에 미치는 영향은 제한적",SK증권 리포트 20230110
20230501,,,,자회사,콘텐츠웨이브 3자배정 유상증자 (NAV 산정 기준),?,L,"Direction: 애널리스트 레포트의 SOTP 근거
Importance: 비핵심 자회사의 자본구조 조정",현대차증권 리포트 20250508
20230512,0.48,69.1,0.1,실적발표,"SK스퀘어 1Q23 연결 매출액 112억, 영업적자 6390억 발표",-,H,"Direction: SK하이닉스 지분법이익 반영에 따른 연결실적 변동
Importance: 지주회사 특성상 실적 자체보다 SK하이닉스 실적에 후행하는 결과",SK증권 리포트 20230602
20230515,0.95,68.6,-0.5,SK하이닉스,SK하이닉스 지분가치 1.7조원 상승으로 주당 NAV +12% 상승,+,H,"Direction: 핵심 자회사(SK하이닉스) 가치 변동이 NAV에 직접 반영
Importance: SK스퀘어 NAV의 최대 비중을 차지하는 핵심 자산",대신증권 리포트 20230516
20230515,0.95,68.6,-0.5,실적발표,SK스퀘어 1Q23 영업수익 및 영업손실 발표 (적자 지속),-,H,"Direction: SK하이닉스 지분법이익 반영에 따른 연결실적 변동
Importance: 지주회사 특성상 실적 자체보다 SK하이닉스 실적에 후행하는 결과",대신증권 리포트 20230516
20230515,0.95,68.6,-0.5,실적발표,Q1 ’23 Portfolio Update,?,L,"Direction: SK하이닉스 지분법이익 반영에 따른 연결실적 변동
Importance: 지주회사 특성상 실적 자체보다 SK하이닉스 실적에 후행하는 결과",https://www.sksquare.com/kor/ir/presentation.do
20230515,0.95,68.6,-0.5,실적발표,"SK스퀘어, 2023년 1분기 실적 발표",?,M,"Direction: SK하이닉스 지분법이익 반영에 따른 연결실적 변동
Importance: 지주회사 특성상 실적 자체보다 SK하이닉스 실적에 후행하는 결과",SK스퀘어 홈페이지 뉴스룸 20230515
20230516,0.35,69.5,0.9,자회사,티맵 및 서울공항리무진 등 모빌리티 사업부문 매출 급증,+,M,"Direction: 비핵심자회사의 실적 개선
Importance: 개별 자회사 영향은 제한적이나 누적 시 NAV·투자심리에 긍정적",대신증권 리포트 20230516
20230516,0.35,69.5,0.9,증권사리포트,대신증권 목표주가 58000원 유지 및 매수 의견 제시,+,M,"Direction: 투자의견 및 목표주가 유지
Importance: 투자의견 및 목표주가 유지",대신증권 리포트 20230516
20230516,0.35,69.5,0.9,실적발표,"1Q23 영업수익 112억(-98.8%), 영업손실 6.4천억(적전)",-,H,"Direction: SK하이닉스 지분법이익 반영에 따른 연결실적 변동
Importance: 지주회사 특성상 실적 자체보다 SK하이닉스 실적에 후행하는 결과",대신증권 리포트 20230516
20230516,0.35,69.5,0.9,ESG,"SK스퀘어, 정보보호 국제표준 인증(ISO27001) 획득",?,L,"Direction: ESG 인증·성과가 주가 방향성에 미치는 영향은 제한적
Importance: 기업 이미지 제고 효과는 있으나 일별 주가 영향은 미미",SK스퀘어 홈페이지 뉴스룸 20230516
20230516,0.35,69.5,0.9,자회사,11번가 매출 성장에도 마케팅비 증가로 영업손실 확대,-,M,"Direction: 비핵심자회사의 실적 개선
Importance: 개별 자회사 영향은 제한적이나 누적 시 NAV·투자심리에 긍정적",대신증권 리포트 20230516
20230519,3.13,69.8,-0.1,자회사,콘텐츠웨이브 유상증자,?,L,"Direction: SK스퀘어에 현금 유입
Importance: 주주환원 재원 및 NAV 할인율 축소 기대 요인",SK증권 리포트 20240329
20230531,-0.22,71.1,-0.3,자회사,콘텐츠웨이브 3자 배정 유상증자 실시,?,L,"Direction: SK스퀘어에 현금 유입
Importance: 주주환원 재원 및 NAV 할인율 축소 기대 요인",현대차증권 리포트 20240820
20230602,-0.77,72,0.2,SK하이닉스,SK하이닉스 23년 대규모 적자 예상으로 SK스퀘어 실적 부진,-,H,"Direction: 핵심 자회사(SK하이닉스) 가치 변동이 NAV에 직접 반영
Importance: SK스퀘어 NAV의 최대 비중을 차지하는 핵심 자산",SK증권 리포트 20230602
20230602,-0.77,72,0.2,증권사리포트,"SK증권 목표주가 62,000원으로 상향 (매수 유지)",+,M,"Direction: 기존 투자의견 유지, 목표주가 상향 조정
Importance: 펀더멘털 개선을 반영한 목표주가 조정",SK증권 리포트 20230630
20230612,-1.72,72.7,0.4,SK하이닉스,SK스퀘어·SK온 등 적자 계열사 위기설 속에서 고성능 DDR5 및 고대역폭메모리(HBM) 수요 증가와 D램 판가 상승에 따른 반도체 업황 극적 반등 가능성 조명,+,M,"Direction: 핵심 자회사(SK하이닉스) 가치 변동이 NAV에 직접 반영
Importance: SK스퀘어 NAV의 최대 비중을 차지하는 핵심 자산",https://v.daum.net/v/20230612060258159
20230613,6.03,71.9,-0.8,ESG,"SK스퀘어, ‘22년 사회적가치 1,498억원 창출",?,L,"Direction: ESG 인증·성과가 주가 방향성에 미치는 영향은 제한적
Importance: 기업 이미지 제고 효과는 있으나 일별 주가 영향은 미미",SK스퀘어 홈페이지 뉴스룸 20230613
20230620,-1.06,72.4,0.6,증권사리포트,"대신증권 SK스퀘어 목표주가 70,000원으로 상향 (매수)",+,M,"Direction: 기존 투자의견 유지, 목표주가 상향 조정
Importance: 펀더멘털 개선을 반영한 목표주가 조정",대신증권 리포트 20230810
20230621,-0.65,72.4,0,증권사리포트,"대신증권, SK스퀘어 목표주가 70,000원으로 상향 (매수 유지)",+,M,"Direction: 기존 투자의견 유지, 목표주가 상향 조정
Importance: 펀더멘털 개선을 반영한 목표주가 조정",대신증권 리포트 20230621
20230621,-0.65,72.4,0,SK하이닉스,SK하이닉스 기업가치 상승으로 SK스퀘어 목표주가 상향,+,M,"Direction: 핵심 자회사(SK하이닉스) 가치 변동이 NAV에 직접 반영
Importance: SK스퀘어 NAV의 최대 비중을 차지하는 핵심 자산",대신증권 리포트 20230621
20230621,-0.65,72.4,0,주주환원,SK쉴더스 지분 매각 종결일 2개월 단축 공시,+,H,"Direction: 핵심 주주환원 정책 (자사주 매입·소각)
Importance: NAV 할인율 축소를 위한 대표적 주주환원 수단",대신증권 리포트 20230621
20230627,0,72.8,0,이사회,"자기주식 5,300주 사외이사 보수로 처분",?,L,"Direction: 이사회와 주주간 Aligned Interest
Importance: SK스퀘어 기업규모 대비 소규모",현대차증권 리포트 20250711
20230630,0,73.5,-0.2,SK하이닉스,SK하이닉스 주가 연초 대비 52% 상승 (SK스퀘어 NAV 할인율 유지),?,M,"Direction: 핵심 자회사(SK하이닉스) 가치 변동이 NAV에 직접 반영
Importance: SK스퀘어 NAV의 최대 비중을 차지하는 핵심 자산",SK증권 리포트 20230630
20230630,0,73.5,-0.2,Harvest,SK쉴더스 유상증자 및 EQT 주식양수도 계약 체결 공시,+,H,"Direction: 비핵심 자회사 매각을 통한 확정 이익(Profit) 실현 (Harvest)
Importance: 주주환원 재원 확보 및 NAV 할인율 축소 기대",SK증권 리포트 20230630
20230630,0,73.5,-0.2,Harvest,SK쉴더스 딜로 2조원 현금 확보 및 NAV 할인율 해소 기대,+,H,"Direction: 비핵심 자회사 매각을 통한 확정 이익(Profit) 실현 (Harvest)
Importance: 주주환원 재원 확보 및 NAV 할인율 축소 기대",SK증권 리포트 20230630
20230630,0,73.5,-0.2,증권사리포트,"SK증권 투자의견 '매수', 목표주가 62,000원 유지",?,M,"Direction: 투자의견 및 목표주가 유지
Importance: 투자의견 및 목표주가 유지",SK증권 리포트 20230630
20230701,,,,신규투자,투자법인 TCG Square 설립 (SK하이닉스 등 1천억원 공동 출자),+,M,"Direction: 핵심사업 (AI/반도체 투자)와 정합성 결여. 현금 유출
Importance: 비핵심자산 지분 취득",대신증권 리포트 20230810
20230704,-0.65,73.2,0.2,신규투자,"SK스퀘어-SK하이닉스, 해외 반도체 소부장 기업 투자 나선다",?,L,"Direction: 핵심사업 (AI/반도체 투자)와 정합성 결여. 현금 유출
Importance: 비핵심자산 지분 취득",SK스퀘어 홈페이지 뉴스룸 20230704
20230720,0.54,72.4,-0.2,Harvest,SK쉴더스 매각 대금 4.1천억원 유입,+,H,"Direction: 비핵심 자회사 매각을 통한 확정 이익(Profit) 실현 (Harvest)
Importance: 주주환원 재원 확보 및 NAV 할인율 축소 기대",대신증권 리포트 20230810
20230720,0.54,72.4,-0.2,Harvest,"SK스퀘어, SK쉴더스 투자 유치 완료",?,L,"Direction: 비핵심 자회사 매각을 통한 확정 이익(Profit) 실현 (Harvest)
Importance: 주주환원 재원 확보 및 NAV 할인율 축소 기대",SK스퀘어 홈페이지 뉴스룸 20230720
20230731,-2.2,74.8,-0.2,Harvest,"SK쉴더스 지분 매각 대금 4,100억원 유입",+,M,"Direction: 비핵심 자회사 매각을 통한 확정 이익(Profit) 실현 (Harvest)
Importance: 주주환원 재원 확보 및 NAV 할인율 축소 기대",흥국증권 리포트 20231121
20230809,1.56,73.4,-0.4,주주환원,"2,000억원 규모 자기주식 취득 결정 (23.8.9~24.3.31)",+,H,"Direction: 핵심 주주환원 정책 (자사주 매입·소각)
Importance: NAV 할인율 축소를 위한 대표적 주주환원 수단",현대차증권 리포트 20250711
20230809,,,,주주환원,"2,000억원 자사주 매입 공시 (Batch 2)",+,H,"Direction: SK스퀘어에 현금 유입
Importance: NAV 할인율 축소를 위한 대표적 주주환원 수단",공시
20230810,1.32,73,-0.4,증권사리포트,"대신증권 목표주가 70,000원으로 유지 (매수 유지)",?,L,"Direction: 투자의견 및 목표주가 유지
Importance: 투자의견 및 목표주가 유지",대신증권 리포트 20240517
20230810,1.32,73,-0.4,실적발표,2023-2024년 영업이익 및 순이익 전망 상향 조정,+,M,"Direction: SK하이닉스 지분법이익 반영에 따른 연결실적 변동
Importance: 지주회사 특성상 실적 자체보다 SK하이닉스 실적에 후행하는 결과",대신증권 리포트 20230810
20230810,1.32,73,-0.4,증권사리포트,대신증권 목표주가 70000원 (매수) 상향,+,M,"Direction: 기존 투자의견 유지, 목표주가 상향 조정
Importance: 펀더멘털 개선을 반영한 목표주가 조정",대신증권 리포트 20241122
20230814,-1.09,72.7,0.2,실적발표,"SK스퀘어, 2023년 2분기 실적 발표",?,M,"Direction: SK하이닉스 지분법이익 반영에 따른 연결실적 변동
Importance: 지주회사 특성상 실적 자체보다 SK하이닉스 실적에 후행하는 결과",SK스퀘어 홈페이지 뉴스룸 20230814
20230814,-1.09,72.7,0.2,실적발표,Q2 ’23 Portfolio Update,?,M,"Direction: SK하이닉스 지분법이익 반영에 따른 연결실적 변동
Importance: 지주회사 특성상 실적 자체보다 SK하이닉스 실적에 후행하는 결과",SK스퀘어 홈페이지 IR자료실 20230814
20230828,1.27,73.8,-0.4,ESG,"SK스퀘어, 글로벌 ESG 경영 기업으로 자리매김",?,L,"Direction: ESG 인증·성과가 주가 방향성에 미치는 영향은 제한적
Importance: 기업 이미지 제고 효과는 있으나 일별 주가 영향은 미미",SK스퀘어 홈페이지 뉴스룸 20230828
20230901,-1.22,74.2,0,Harvest,SK쉴더스 지분 일부 매각 완료 (NAV 반영),+,L,"Direction: 비핵심 자회사 매각을 통한 확정 이익(Profit) 실현 (Harvest)
Importance: 주주환원 재원 확보 및 NAV 할인율 축소 기대",대신증권 리포트 20260225
20230901,-1.22,74.2,0,Harvest,SK쉴더스 지분 일부 매각,+,M,"Direction: 비핵심 자회사 매각을 통한 확정 이익(Profit) 실현 (Harvest)
Importance: 주주환원 재원 확보 및 NAV 할인율 축소 기대",대신증권 리포트 20250203
20230905,-0.57,74.4,0.1,자회사,5년 만에 기업가치 반토막 난 11번가…SK스퀘어의 콜옵션 행사 딜레마,-,M,"Direction: 비핵심자회사의 사업 진행 상황
Importance: 일별 주가 방향성에 미치는 영향은 제한적",https://www.investchosun.com/site/data/html_dir/2023/09/05/2023090580167.html
20230911,-3.83,76.1,1.3,자회사,티맵모빌리티 유상증자 가치 반영 (NAV 산정 기준),?,L,"Direction: 애널리스트 레포트의 SOTP 근거
Importance: 비핵심 자회사의 자본구조 조정",SK증권 리포트 20250410
20230911,-3.83,76.1,1.3,자회사,티맵모빌리티 유상증자,?,L,"Direction: SK스퀘어에 현금 유입
Importance: 주주환원 재원 및 NAV 할인율 축소 기대 요인",SK증권 리포트 20240329
20230911,-3.83,76.1,1.3,자회사,자회사 티맵모빌리티 유상증자 완료 (가치 반영),+,L,"Direction: 애널리스트 레포트의 SOTP 근거
Importance: 비핵심 자회사의 자본구조 조정",SK증권 리포트 20250725
20230919,2.51,75.1,-0.6,Harvest,"SK쉴더스 지분 매각 (4146억원 딜 종료시 유입, 4500억원 2년내 유입)",+,H,"Direction: 비핵심 자회사 매각을 통한 확정 이익(Profit) 실현 (Harvest)
Importance: 주주환원 재원 확보 및 NAV 할인율 축소 기대",대신증권 리포트 20230313
20230930,,,,자회사,"티맵 순이용자 1,564만명 기록 (증가세)",+,L,"Direction: 비핵심자산의 비재무지표
Importance: 비핵심자산의 일반적 사항",대신증권 리포트 20231116
20230930,,,,Harvest,SK쉴더스 지분 일부 매각 완료,+,M,"Direction: 비핵심 자회사 매각을 통한 확정 이익(Profit) 실현 (Harvest)
Importance: 주주환원 재원 확보 및 NAV 할인율 축소 기대",대신증권 리포트 20251015
20230930,,,,실적발표,"3Q23 별도기준 순차입금 5,661억원 발표",-,L,"Direction: SK하이닉스 지분법이익 반영에 따른 연결실적 변동
Importance: 지주회사 특성상 실적 자체보다 SK하이닉스 실적에 후행하는 결과",SK증권 리포트 20240205
20231001,,,,SK하이닉스,SK하이닉스 시가총액 10월 초부터 반등하며 주가 상승,+,M,"Direction: 핵심 자회사(SK하이닉스) 가치 변동이 NAV에 직접 반영
Importance: SK스퀘어 NAV의 최대 비중을 차지하는 핵심 자산",흥국증권 리포트 20231121
20231001,,,,자회사,크래프톤으로부터 200억원 규모 투자 유치 완료,+,M,"Direction: SK스퀘어에 현금 유입
Importance: 주주환원 재원 및 NAV 할인율 축소 기대 요인",대신증권 리포트 20240814
20231004,,,,주주환원,"1,063억원 규모 자사주 소각 완료 (Batch 1)",+,M,"Direction: 기보유 자사주를 활용한 자본효율성 개선
Importance: NAV 할인율 축소 실현",공시
20231004,,75.3,,증권사리포트,"BNK투자증권 투자의견 '보유', 목표주가 49,000원 제시",?,M,"Direction: 투자의견 매수, 목표주가 신규 제시
Importance: Initiation Report",BNK투자증권 리포트 20240625
20231006,-0.12,75.3,0,증권사리포트,"BNK투자증권 목표주가 49,000원으로 제시 (보유 유지)",?,M,"Direction: 투자의견 및 목표주가 유지
Importance: 투자의견 및 목표주가 유지",BNK투자증권 리포트 20240625
20231017,0.9,75.6,0.7,자회사,자회사 원스토어 유상증자 완료 (가치 반영),+,L,"Direction: 애널리스트 레포트의 SOTP 근거
Importance: 비핵심 자회사의 자본구조 조정",SK증권 리포트 20250725
20231017,0.9,75.6,0.7,자회사,원스토어 유상증자,?,L,"Direction: SK스퀘어에 현금 유입
Importance: 주주환원 재원 및 NAV 할인율 축소 기대 요인",SK증권 리포트 20240329
20231017,0.9,75.6,0.7,자회사,원스토어 유상증자 가치 반영 (NAV 산정 기준),?,L,"Direction: 애널리스트 레포트의 SOTP 근거
Importance: 비핵심 자회사의 자본구조 조정",SK증권 리포트 20250410
20231026,-1.83,75.1,-0.7,SK하이닉스,SK하이닉스 3Q23 실적발표 (순이익 적자폭 축소),+,H,"Direction: 핵심 자회사(SK하이닉스) 가치 변동이 NAV에 직접 반영
Importance: SK스퀘어 NAV의 최대 비중을 차지하는 핵심 자산",SK증권 리포트 20231116
20231026,-1.83,75.1,-0.7,SK하이닉스,SK하이닉스 2023년 3분기 영업이익 흑자전환 발표,+,H,"Direction: 핵심 자회사(SK하이닉스) 가치 변동이 NAV에 직접 반영
Importance: SK스퀘어 NAV의 최대 비중을 차지하는 핵심 자산",흥국증권 리포트 20231121
20231031,-1.5,74.7,-0.1,신규투자,크래프톤으로부터 원스토어에 200억원 유치,+,L,"Direction: 핵심사업 (AI/반도체 투자)와 정합성 결여. 현금 유출
Importance: 비핵심자산 지분 취득",대신증권 리포트 20240517
20231031,-1.5,74.7,-0.1,자회사,원스토어 2023년 3분기 누적 순이익 흑자전환 발표,+,M,"Direction: 비핵심자회사의 실적 개선
Importance: 개별 자회사 영향은 제한적이나 누적 시 NAV·투자심리에 긍정적",흥국증권 리포트 20231121
20231031,-1.5,74.7,-0.1,자회사,"원스토어, 크래프톤으로부터 200억원 신규 투자 유치",+,M,"Direction: SK스퀘어에 현금 유입
Importance: 주주환원 재원 및 NAV 할인율 축소 기대 요인",대신증권 리포트 20231116
20231031,-1.5,74.7,-0.1,자회사,티맵모빌리티 2023년 3분기 누적 순손실 628억원 기록 (축소),?,L,"Direction: 비핵심자회사의 실적 개선
Importance: 개별 자회사 영향은 제한적이나 누적 시 NAV·투자심리에 긍정적",흥국증권 리포트 20231121
20231103,0.67,74.7,-0.1,증권사리포트,"BNK투자증권 목표주가 49,000원으로 유지 (보유 유지)",?,L,"Direction: 투자의견 및 목표주가 유지
Importance: 투자의견 및 목표주가 유지",BNK투자증권 리포트 20240625
20231103,0.67,74.7,-0.1,증권사리포트,"BNK투자증권 투자의견 '보유', 목표주가 49,000원 유지",?,L,"Direction: 투자의견 및 목표주가 유지
Importance: 투자의견 및 목표주가 유지",BNK투자증권 리포트 20240625
20231114,-0.31,73.7,-0.2,실적발표,Q3 ’23 Portfolio Update,?,M,"Direction: SK하이닉스 지분법이익 반영에 따른 연결실적 변동
Importance: 지주회사 특성상 실적 자체보다 SK하이닉스 실적에 후행하는 결과",SK스퀘어 홈페이지 IR자료실 20231114
20231115,0.72,74.2,0.5,SK하이닉스,SK하이닉스 지분가치 상승으로 NAV 2Q23 대비 +16% 증가,+,H,"Direction: 핵심 자회사(SK하이닉스) 가치 변동이 NAV에 직접 반영
Importance: SK스퀘어 NAV의 최대 비중을 차지하는 핵심 자산",대신증권 리포트 20231116
20231115,0.72,74.2,0.5,실적발표,"SK스퀘어, 2023년 3분기 실적 발표",?,M,"Direction: SK하이닉스 지분법이익 반영에 따른 연결실적 변동
Importance: 지주회사 특성상 실적 자체보다 SK하이닉스 실적에 후행하는 결과",SK스퀘어 홈페이지 뉴스룸 20231115
20231116,1.44,73.5,-0.7,자회사,티맵 매출/MAU 고성장 지속 (모빌리티 부문 성장),+,L,"Direction: 비핵심자산의 비재무지표
Importance: 비핵심자산의 일반적 사항",대신증권 리포트 20231116
20231116,1.44,73.5,-0.7,증권사리포트,"SK증권 목표주가 62,000원 유지 (매수 유지)",+,M,"Direction: 투자의견 및 목표주가 유지
Importance: 투자의견 및 목표주가 유지",SK증권 리포트 20231116
20231116,1.44,73.5,-0.7,SK하이닉스,SK하이닉스 손실 영향으로 지주사 적자 지속 (개선 중),-,M,"Direction: 핵심 자회사(SK하이닉스) 가치 변동이 NAV에 직접 반영
Importance: SK스퀘어 NAV의 최대 비중을 차지하는 핵심 자산",대신증권 리포트 20231116
20231116,1.44,73.5,-0.7,자회사,"11번가 3Q23 매출 감소, 누적 OPM 개선으로 적자폭 축소",?,L,"Direction: 비핵심자회사의 실적 개선
Importance: 개별 자회사 영향은 제한적이나 누적 시 NAV·투자심리에 긍정적",대신증권 리포트 20231116
20231116,1.44,73.5,-0.7,실적발표,"3Q23 영업수익 405억원, OP -5.6천억원 적자 지속 발표",-,H,"Direction: SK하이닉스 지분법이익 반영에 따른 연결실적 변동
Importance: 지주회사 특성상 실적 자체보다 SK하이닉스 실적에 후행하는 결과",대신증권 리포트 20231116
20231116,1.44,73.5,-0.7,Harvest,SK쉴더스 지분매각 이익으로 3Q23 순이익 4.5천억원 달성,+,M,"Direction: 비핵심 자회사 매각을 통한 확정 이익(Profit) 실현 (Harvest)
Importance: 주주환원 재원 확보 및 NAV 할인율 축소 기대",대신증권 리포트 20231116
20231116,1.44,73.5,-0.7,자회사,"원스토어 매출 부진, 시장 축소에도 순이익 흑자 전환",?,L,"Direction: 비핵심자회사의 실적 개선
Importance: 개별 자회사 영향은 제한적이나 누적 시 NAV·투자심리에 긍정적",대신증권 리포트 20231116
20231116,1.44,73.5,-0.7,증권사리포트,"대신증권 목표주가 70,000원, 투자의견 매수 유지",+,M,"Direction: 투자의견 및 목표주가 유지
Importance: 투자의견 및 목표주가 유지",대신증권 리포트 20231116
20231117,-1.52,73.5,0,자회사,"11번가, 큐텐과의 매각 협상 결렬 소식 발표",-,M,"Direction: SK스퀘어에 현금 유입
Importance: 주주환원 재원 및 NAV 할인율 축소 기대 요인",흥국증권 리포트 20231121
20231120,-3.09,74.6,1.1,NAV 할인율,SK스퀘어 NAV 대비 할인율 72.4% 기록 (11번가 이슈 반영),+,M,"Direction: 별도 기준 본사의 일반적 사항
Importance: SK스퀘어 주가의 저평가 현황을 조명",SK증권 리포트 20231121
20231120,-3.09,74.6,1.1,자회사,11번가 지분 매각 불발 뉴스 보도로 SK스퀘어 주가 3.1% 하락,-,H,"Direction: SK스퀘어에 현금 유입
Importance: 주주환원 재원 및 NAV 할인율 축소 기대 요인",SK증권 리포트 20231121
20231120,-3.09,74.6,1.1,SK하이닉스,SK하이닉스 52주 신고가 경신,+,M,"Direction: 핵심 자회사(SK하이닉스) 가치 변동이 NAV에 직접 반영
Importance: SK스퀘어 NAV의 최대 비중을 차지하는 핵심 자산",SK증권 리포트 20231121
20231121,4.67,73.5,-1.1,증권사리포트,"흥국증권, SK스퀘어 투자의견 'BUY', 목표주가 65,000원 신규 제시",+,H,"Direction: 투자의견 매수, 목표주가 신규 제시
Importance: Initiation Report",흥국증권 리포트 20231121
20231121,4.67,73.5,-1.1,증권사리포트,"흥국증권 SK스퀘어 목표주가 65,000원 (매수) 설정",+,M,"Direction: 투자의견 매수, 목표주가 신규 제시
Importance: Initiation Report",흥국증권 리포트 20250227
20231121,4.67,73.5,-1.1,증권사리포트,"흥국증권 목표주가 65,000원으로 상향 (매수 유지)",+,M,"Direction: 기존 투자의견 유지, 목표주가 상향 조정
Importance: 펀더멘털 개선을 반영한 목표주가 조정",흥국증권 리포트 20241118
20231127,2.29,73.4,-0.1,증권사리포트,"유안타증권 목표주가 79,000원으로 제시 (BUY 유지)",+,M,"Direction: 투자의견 및 목표주가 유지
Importance: 투자의견 및 목표주가 유지",유안타증권 리포트 20240527
20231220,2.51,73.8,-0.3,증권사리포트,대신증권 목표주가 70000원으로 상향 (매수 유지),+,M,"Direction: 기존 투자의견 유지, 목표주가 상향 조정
Importance: 펀더멘털 개선을 반영한 목표주가 조정",대신증권 리포트 20241204
20231231,,,,SK하이닉스,SK하이닉스 4Q23 영업이익 3.5천억원 흑자전환,+,H,"Direction: 핵심 자회사(SK하이닉스) 가치 변동이 NAV에 직접 반영
Importance: SK스퀘어 NAV의 최대 비중을 차지하는 핵심 자산",대신증권 리포트 20240226
20231231,,,,자회사,4Q23 커머스 수익성 개선 및 23.12월 EBITDA 흑전 달성,+,L,"Direction: 비핵심자회사의 실적 개선
Importance: 개별 자회사 영향은 제한적이나 누적 시 NAV·투자심리에 긍정적",대신증권 리포트 20240226
20231231,,,,SK하이닉스,SK하이닉스 당기순손실로 SK스퀘어 지분법손실 발생,-,H,"Direction: 핵심 자회사(SK하이닉스) 가치 변동이 NAV에 직접 반영
Importance: SK스퀘어 NAV의 최대 비중을 차지하는 핵심 자산",대신증권 리포트 20240226
20231231,,,,NAV 할인율,4Q23 주당 NAV 17% 상승 및 NAV 할인율 74%에서 70%로 축소,+,H,"Direction: 별도 기준 본사의 일반적 사항
Importance: SK스퀘어 주가의 저평가 현황을 조명",대신증권 리포트 20240226
20231231,,,,자회사,4Q23 플랫폼 영업이익 81억원 흑자전환,+,M,"Direction: 비핵심자회사의 실적 개선
Importance: 개별 자회사 영향은 제한적이나 누적 시 NAV·투자심리에 긍정적",대신증권 리포트 20240226
20231231,,,,실적발표,"4Q23 영업수익 6.3천억원, 영업손실 4.1천억원 (적자 지속)",-,M,"Direction: SK하이닉스 지분법이익 반영에 따른 연결실적 변동
Importance: 지주회사 특성상 실적 자체보다 SK하이닉스 실적에 후행하는 결과",대신증권 리포트 20240226
20240125,-0.5,74,-0.5,SK하이닉스,SK하이닉스 4Q23 영업이익 흑자전환 성공,+,M,"Direction: 핵심 자회사(SK하이닉스) 가치 변동이 NAV에 직접 반영
Importance: SK스퀘어 NAV의 최대 비중을 차지하는 핵심 자산",SK증권 리포트 20240205
20240125,-0.5,74,-0.5,SK하이닉스,SK하이닉스 2024년부터 본격 실적 턴어라운드 전망 및 배당 증가 기대,+,H,"Direction: 핵심 자회사(SK하이닉스) 가치 변동이 NAV에 직접 반영
Importance: SK스퀘어 NAV의 최대 비중을 차지하는 핵심 자산",SK증권 리포트 20240205
20240126,0.9,73.6,-0.4,밸류업,"정부 '기업 밸류업 프로그램' 발표, 저 PBR 종목 주가 상승",+,H,"Direction: 정부 밸류업 정책 중에서도 SK스퀘어가 모범사례로 특히 부각되며 재평가
Importance: 밸류업 테마 내 SK스퀘어 고유의 초과 재평가 요인",SK증권 리포트 20240205
20240201,3.28,71.3,-1.2,자회사,SK플래닛 6천억원 규모 유상증자 성공적 완료,?,M,"Direction: SK스퀘어에 현금 유입
Importance: 주주환원 재원 및 NAV 할인율 축소 기대 요인",SK증권 리포트 20250226
20240201,3.28,71.3,-1.2,자회사,디지털터빈으로부터 1천만달러 투자 유치 (향후 추가 예정),+,M,"Direction: SK스퀘어에 현금 유입
Importance: 주주환원 재원 및 NAV 할인율 축소 기대 요인",대신증권 리포트 20240814
20240201,3.28,71.3,-1.2,자회사,"원스토어, 디지털터빈으로부터 1천만달러 유치",+,L,"Direction: SK스퀘어에 현금 유입
Importance: 주주환원 재원 및 NAV 할인율 축소 기대 요인",대신증권 리포트 20240226
20240201,3.28,71.3,-1.2,실적발표,"2023년 연간 매출 22.7조원, 영업적자 2.3조원 기록 발표",-,H,"Direction: SK하이닉스 지분법이익 반영에 따른 연결실적 변동
Importance: 지주회사 특성상 실적 자체보다 SK하이닉스 실적에 후행하는 결과",대신증권 리포트 20240814
20240205,-0.34,68.1,-0.4,주주환원,"자기주식 27,930주 상여로 처분",?,L,"Direction: 핵심 주주환원 정책 (자사주 매입·소각)
Importance: NAV 할인율 축소를 위한 대표적 주주환원 수단",현대차증권 리포트 20250711
20240205,-0.34,68.1,-0.4,증권사리포트,"BNK투자증권 투자의견 '매수' 상향, 목표주가 49,000원 유지",+,M,"Direction: 기존 투자의견 유지, 목표주가 상향 조정
Importance: 펀더멘털 개선을 반영한 목표주가 조정",BNK투자증권 리포트 20240625
20240205,-0.34,68.1,-0.4,증권사리포트,"SK증권 목표주가 74,000원 상향 (매수 유지)",+,M,"Direction: 기존 투자의견 유지, 목표주가 상향 조정
Importance: 펀더멘털 개선을 반영한 목표주가 조정",SK증권 리포트 20240205
20240207,6.09,65.6,-2,실적발표,2023년 연간 실적 발표 (당기순손실 기록),-,M,"Direction: SK하이닉스 지분법이익 반영에 따른 연결실적 변동
Importance: 지주회사 특성상 실적 자체보다 SK하이닉스 실적에 후행하는 결과",SK증권 리포트 20240329
20240208,-1.51,67.1,1.5,실적발표,SK스퀘어 2023년 및 4Q23 실적 발표 (영업적자),-,M,"Direction: SK하이닉스 지분법이익 반영에 따른 연결실적 변동
Importance: 지주회사 특성상 실적 자체보다 SK하이닉스 실적에 후행하는 결과",SK증권 리포트 20240226
20240223,-4.94,68.3,2.5,실적발표,Q4 ’23 Portfolio Update,?,M,"Direction: SK하이닉스 지분법이익 반영에 따른 연결실적 변동
Importance: 지주회사 특성상 실적 자체보다 SK하이닉스 실적에 후행하는 결과",SK스퀘어 홈페이지 IR자료실 20240223
20240223,-4.94,68.3,2.5,증권사리포트,"대신증권 목표주가 84,000원으로 상향 (매수 유지)",+,M,"Direction: 기존 투자의견 유지, 목표주가 상향 조정
Importance: 펀더멘털 개선을 반영한 목표주가 조정",대신증권 리포트 20240517
20240223,-4.94,68.3,2.5,실적발표,"SK스퀘어, 2023년 연간 실적 발표",?,M,"Direction: SK하이닉스 지분법이익 반영에 따른 연결실적 변동
Importance: 지주회사 특성상 실적 자체보다 SK하이닉스 실적에 후행하는 결과",SK스퀘어 홈페이지 뉴스룸 20240223
20240223,-4.94,68.3,2.5,자회사,SK하이닉스 지분가치 2.9조원 상승으로 주당NAV 17% 상승,+,H,"Direction: 핵심 자회사(SK하이닉스) 가치 변동이 NAV에 직접 반영
Importance: SK스퀘어 NAV의 최대 비중을 차지하는 핵심 자산",대신증권 리포트 20240226
20240223,-4.94,68.3,2.5,NAV 할인율,NAV 대비 할인율 70%로 축소 (4Q23 74% 대비),+,M,"Direction: 별도 기준 본사의 일반적 사항
Importance: SK스퀘어 주가의 저평가 현황을 조명",대신증권 리포트 20240226
20240223,-4.94,68.3,2.5,증권사리포트,대신증권 목표주가 84000원 (매수) 상향,+,M,"Direction: 기존 투자의견 유지, 목표주가 상향 조정
Importance: 펀더멘털 개선을 반영한 목표주가 조정",대신증권 리포트 20241122
20240226,-2.89,69.3,1,증권사리포트,"흥국증권 목표주가 85,000원으로 상향 (매수 유지)",+,M,"Direction: 기존 투자의견 유지, 목표주가 상향 조정
Importance: 펀더멘털 개선을 반영한 목표주가 조정",흥국증권 리포트 20241118
20240226,-2.89,69.3,1,SK하이닉스,4Q23 하이닉스 영업이익 3.5천억원 흑자전환 및 1Q24 지분법손익 흑자전환 전망,+,H,"Direction: 핵심 자회사(SK하이닉스) 가치 변동이 NAV에 직접 반영
Importance: SK스퀘어 NAV의 최대 비중을 차지하는 핵심 자산",대신증권 리포트 20240226
20240226,-2.89,69.3,1,증권사리포트,"흥국증권 SK스퀘어 목표주가 85,000원 (매수) 상향",+,M,"Direction: 기존 투자의견 유지, 목표주가 상향 조정
Importance: 펀더멘털 개선을 반영한 목표주가 조정",흥국증권 리포트 20250227
20240226,-2.89,69.3,1,밸류업,정부 '기업 밸류업 프로그램' 발표로 NAV 할인율 축소 기대,+,H,"Direction: 정부 밸류업 정책 중에서도 SK스퀘어가 모범사례로 특히 부각되며 재평가
Importance: 밸류업 테마 내 SK스퀘어 고유의 초과 재평가 요인",흥국증권 리포트 20240226
20240226,-2.89,69.3,1,SK하이닉스,4Q23 하이닉스 당기순손실로 지분법손실 발생,-,H,"Direction: 핵심 자회사(SK하이닉스) 가치 변동이 NAV에 직접 반영
Importance: SK스퀘어 NAV의 최대 비중을 차지하는 핵심 자산",대신증권 리포트 20240226
20240226,-2.89,69.3,1,실적발표,"4Q23 영업수익 6.3천억원(-15% yoy), 영업이익 -4.1천억원(적자)",-,M,"Direction: SK하이닉스 지분법이익 반영에 따른 연결실적 변동
Importance: 지주회사 특성상 실적 자체보다 SK하이닉스 실적에 후행하는 결과",대신증권 리포트 20240226
20240226,-2.89,69.3,1,밸류업,정부 기업 밸류업 프로그램 실시 발표,+,H,"Direction: 정부 밸류업 정책 중에서도 SK스퀘어가 모범사례로 특히 부각되며 재평가
Importance: 밸류업 테마 내 SK스퀘어 고유의 초과 재평가 요인",SK증권 리포트 20240226
20240227,-2.97,68.9,-0.4,증권사리포트,"BNK투자증권 투자의견 '매수' 상향 및 목표주가 87,000원으로 상향",+,H,"Direction: 기존 투자의견 유지, 목표주가 상향 조정
Importance: 펀더멘털 개선을 반영한 목표주가 조정",BNK투자증권 리포트 20241127
20240227,-2.97,68.9,-0.4,증권사리포트,"BNK투자증권 목표주가 87,000원으로 상향 (매수 전환)",+,H,"Direction: 기존 투자의견 유지, 목표주가 상향 조정
Importance: 펀더멘털 개선을 반영한 목표주가 조정",BNK투자증권 리포트 20240625
20240229,2.79,67.2,-1.1,증권사리포트,"현대차증권 목표주가 110,000원으로 하향 (BUY 유지)",-,M,"Direction: 기존 투자의견 유지, 목표주가 하향 조정
Importance: 펀더멘털 둔화를 반영한 목표주가 조정",현대차증권 리포트 20251202
20240301,,,,자회사,11번가 2024년 3월부터 13개월 연속 월간 영업이익 흑자,+,M,"Direction: 비핵심자회사의 실적 개선
Importance: 개별 자회사 영향은 제한적이나 누적 시 NAV·투자심리에 긍정적",대신증권 리포트 20250516
20240301,,,,자회사,"11번가, 24.3월부터 4개월 연속 오픈마켓 월별 흑자 전환",+,M,"Direction: 비핵심자회사의 실적 개선
Importance: 개별 자회사 영향은 제한적이나 누적 시 NAV·투자심리에 긍정적",대신증권 리포트 20240814
20240305,0.71,68.4,-0.3,증권사리포트,"BNK투자증권 목표주가 87,000원으로 유지 (매수 유지)",?,M,"Direction: 투자의견 및 목표주가 유지
Importance: 투자의견 및 목표주가 유지",BNK투자증권 리포트 20240625
20240328,,,,주주환원,"1,000억원 자사주 매입 공시 (Batch 3)",+,H,"Direction: SK스퀘어에 현금 유입
Importance: NAV 할인율 축소를 위한 대표적 주주환원 수단",공시
20240329,0.51,67.4,0.6,증권사리포트,"SK증권 목표주가 92,000원으로 상향 (매수 유지)",+,M,"Direction: 기존 투자의견 유지, 목표주가 상향 조정
Importance: 펀더멘털 개선을 반영한 목표주가 조정",SK증권 리포트 20240329
20240331,,,,SK하이닉스,SK스퀘어 1Q24 지분법손익 흑자전환 전망,+,M,"Direction: 핵심 자회사(SK하이닉스) 가치 변동이 NAV에 직접 반영
Importance: SK스퀘어 NAV의 최대 비중을 차지하는 핵심 자산",대신증권 리포트 20240226
20240331,,,,자회사,11번가 오픈마켓 월별 흑자 달성,+,M,"Direction: 비핵심자회사의 실적 개선
Importance: 개별 자회사 영향은 제한적이나 누적 시 NAV·투자심리에 긍정적",대신증권 리포트 20240517
20240331,,,,자회사,11번가 오픈마켓 3월 이후 7개월 연속 월별 영업이익 흑자,+,M,"Direction: 비핵심자회사의 실적 개선
Importance: 개별 자회사 영향은 제한적이나 누적 시 NAV·투자심리에 긍정적",유안타증권 리포트 20241119
20240401,-4.43,69.2,1.8,Harvest,"크래프톤 매각대금 2,625억원 확보",+,L,"Direction: 비핵심 자회사 매각을 통한 확정 이익(Profit) 실현 (Harvest)
Importance: 주주환원 재원 확보 및 NAV 할인율 축소 기대",SK증권 리포트 20240814
20240402,,,,주주환원,"2,000억원 규모 자사주 소각 완료 (Batch 2)",+,M,"Direction: 기보유 자사주를 활용한 자본효율성 개선
Importance: NAV 할인율 축소 실현",공시
20240403,-0.91,67.9,-0.7,증권사리포트,"BNK투자증권 목표주가 87,000원으로 상향 (매수 유지)",+,H,"Direction: 기존 투자의견 유지, 목표주가 상향 조정
Importance: 펀더멘털 개선을 반영한 목표주가 조정",BNK투자증권 리포트 20240625
20240405,-3.21,68.8,0.3,증권사리포트,"BNK투자증권 목표주가 97,000원으로 상향 (매수 유지)",+,M,"Direction: 기존 투자의견 유지, 목표주가 상향 조정
Importance: 펀더멘털 개선을 반영한 목표주가 조정",BNK투자증권 리포트 20241127
20240409,0.27,69.4,0.1,기타,KOSPI 저점 기록 후 SK스퀘어 주가 상승 시작,+,H,"Direction: 주가 마일스톤에 대한 시장의 관심 반영
Importance: 특정 사건이 아닌 주가 흐름 자체에 대한 언급",현대차증권 리포트 20250711
20240423,3.64,63.9,-1.4,Harvest,"크래프톤 지분 전량 2,625억 원에 매각 완료",+,H,"Direction: 비핵심 자회사 매각을 통한 확정 이익(Profit) 실현 (Harvest)
Importance: 주주환원 재원 확보 및 NAV 할인율 축소 기대",유안타증권 리포트 20240527
20240430,-2.92,67.1,0.7,Harvest,크래프톤 지분 매각 (약 2천억원 현금 확보),+,M,"Direction: 비핵심 자회사 매각을 통한 확정 이익(Profit) 실현 (Harvest)
Importance: 주주환원 재원 확보 및 NAV 할인율 축소 기대",현대차증권 리포트 20240820
20240502,,67.7,,증권사리포트,"BNK투자증권 목표주가 97,000원으로 상향 (매수 유지)",+,M,"Direction: 기존 투자의견 유지, 목표주가 상향 조정
Importance: 펀더멘털 개선을 반영한 목표주가 조정",BNK투자증권 리포트 20240625
20240508,2.21,66.8,-1,증권사리포트,"BNK투자증권 목표주가 97,000원 유지 (매수 유지)",+,L,"Direction: 투자의견 및 목표주가 유지
Importance: 투자의견 및 목표주가 유지",BNK투자증권 리포트 20240625
20240516,,68.1,,실적발표,Q1 ’24 Portfolio Update,?,M,"Direction: SK하이닉스 지분법이익 반영에 따른 연결실적 변동
Importance: 지주회사 특성상 실적 자체보다 SK하이닉스 실적에 후행하는 결과",SK스퀘어 홈페이지 IR자료실 20240516
20240516,,68.1,,실적발표,"1Q24 영업수익 5천억원(-15% YoY), OP 3.2천억원(흑전 YoY) 발표",+,M,"Direction: SK하이닉스 지분법이익 반영에 따른 연결실적 변동
Importance: 지주회사 특성상 실적 자체보다 SK하이닉스 실적에 후행하는 결과",대신증권 리포트 20240517
20240516,,68.1,,실적발표,"SK스퀘어, 2024년 1분기 실적 발표",?,M,"Direction: SK하이닉스 지분법이익 반영에 따른 연결실적 변동
Importance: 지주회사 특성상 실적 자체보다 SK하이닉스 실적에 후행하는 결과",SK스퀘어 홈페이지 뉴스룸 20240516
20240516,,68.1,,SK하이닉스,1Q24 SK하이닉스 흑자전환 (지분법이익 흑자전환),+,H,"Direction: 핵심 자회사(SK하이닉스) 가치 변동이 NAV에 직접 반영
Importance: SK스퀘어 NAV의 최대 비중을 차지하는 핵심 자산",대신증권 리포트 20240517
20240517,1.73,67.1,-1,증권사리포트,대신증권 목표주가 96000원 (매수) 상향,+,M,"Direction: 기존 투자의견 유지, 목표주가 상향 조정
Importance: 펀더멘털 개선을 반영한 목표주가 조정",대신증권 리포트 20241122
20240517,1.73,67.1,-1,증권사리포트,"대신증권 목표주가 96,000원으로 상향 (매수 의견 유지)",+,M,"Direction: 기존 투자의견 유지, 목표주가 상향 조정
Importance: 펀더멘털 개선을 반영한 목표주가 조정",대신증권 리포트 20250516
20240527,-0.7,67.7,0.6,자회사,티맵모빌리티 1Q24 MAU 및 매출액 고성장 발표,+,M,"Direction: 비핵심자산의 비재무지표
Importance: 비핵심자산의 일반적 사항",유안타증권 리포트 20240527
20240527,-0.7,67.7,0.6,자회사,원스토어 1Q24 매출액 6개 분기만에 턴어라운드 발표,+,M,"Direction: 비핵심자회사의 실적 개선
Importance: 개별 자회사 영향은 제한적이나 누적 시 NAV·투자심리에 긍정적",유안타증권 리포트 20240527
20240527,-0.7,67.7,0.6,증권사리포트,"유안타증권 목표주가 100,000원 유지 (BUY 유지)",+,L,"Direction: 투자의견 및 목표주가 유지
Importance: 투자의견 및 목표주가 유지",유안타증권 리포트 20241119
20240527,-0.7,67.7,0.6,자회사,11번가 1Q24 영업손실 축소 (195억 원),+,M,"Direction: 비핵심자회사의 실적 개선
Importance: 개별 자회사 영향은 제한적이나 누적 시 NAV·투자심리에 긍정적",유안타증권 리포트 20240527
20240527,-0.7,67.7,0.6,실적발표,"1Q24 연결 영업이익 흑자전환 (3,238억 원) 달성",+,H,"Direction: SK하이닉스 지분법이익 반영에 따른 연결실적 변동
Importance: 지주회사 특성상 실적 자체보다 SK하이닉스 실적에 후행하는 결과",유안타증권 리포트 20240527
20240527,-0.7,67.7,0.6,SK하이닉스,SK하이닉스 흑자전환으로 SK스퀘어 지분법손익 개선,+,H,"Direction: 핵심 자회사(SK하이닉스) 가치 변동이 NAV에 직접 반영
Importance: SK스퀘어 NAV의 최대 비중을 차지하는 핵심 자산",유안타증권 리포트 20240527
20240529,-2.64,69.3,0.9,ESG,"SK스퀘어, ‘23년 사회적가치 3,874억원 창출 성과",?,L,"Direction: ESG 인증·성과가 주가 방향성에 미치는 영향은 제한적
Importance: 기업 이미지 제고 효과는 있으나 일별 주가 영향은 미미",SK스퀘어 홈페이지 뉴스룸 20240529
20240603,0.77,69.3,0.4,이사회,"자기주식 1,848주 사외이사 보수로 처분",?,L,"Direction: 이사회와 주주간 Aligned Interest
Importance: SK스퀘어 기업규모 대비 소규모",현대차증권 리포트 20250711
20240618,2.98,68.8,0.4,증권사리포트,"흥국증권 목표주가 120,000원으로 상향 (매수 유지)",+,M,"Direction: 기존 투자의견 유지, 목표주가 상향 조정
Importance: 펀더멘털 개선을 반영한 목표주가 조정",흥국증권 리포트 20241118
20240618,2.98,68.8,0.4,증권사리포트,"흥국증권 SK스퀘어 목표주가 120,000원 (매수) 상향",+,M,"Direction: 기존 투자의견 유지, 목표주가 상향 조정
Importance: 펀더멘털 개선을 반영한 목표주가 조정",흥국증권 리포트 20250227
20240618,2.98,68.8,0.4,증권사리포트,"흥국증권 목표주가 120,000원으로 신규 제시 (BUY)",+,M,"Direction: 투자의견 매수, 목표주가 신규 제시
Importance: Initiation Report",흥국증권 리포트 20260518
20240625,4.82,66.9,-1.3,증권사리포트,"BNK투자증권 목표주가 125,000원으로 상향 (매수 유지)",+,M,"Direction: 기존 투자의견 유지, 목표주가 상향 조정
Importance: 펀더멘털 개선을 반영한 목표주가 조정",BNK투자증권 리포트 20241127
20240703,1.05,67.9,0.1,이사회,주주명부폐쇄기간 또는 기준일 설정,?,L,"Direction: 별도 기준 본사의 일반적인 사항
Importance: 주가 방향성에는 영향이 제한적이나 일반적인 시장의 관심은 높은편",SK스퀘어 홈페이지 IR자료실 20240703
20240703,1.05,67.9,0.1,이사회,2024년 제1차 임시주주총회 소집 결의,?,L,"Direction: 별도 기준 본사의 일반적인 사항
Importance: 주가 방향성에는 영향이 제한적이나 일반적인 시장의 관심은 높은편",SK스퀘어 홈페이지 IR자료실 20240703
20240729,1.44,67,0.1,증권사리포트,현대차증권 목표주가 110000원으로 유지 (매수 유지),?,L,"Direction: 투자의견 및 목표주가 유지
Importance: 투자의견 및 목표주가 유지",현대차증권 리포트 20240820
20240729,1.44,67,0.1,증권사리포트,"현대차증권 SK스퀘어 커버리지 개시 (BUY, TP 110,000원)",+,H,"Direction: 투자의견 매수, 목표주가 신규 제시
Importance: Initiation Report",현대차증권 리포트 20240729
20240729,1.44,67,0.1,증권사리포트,현대차증권 목표주가 11만원 제시 (BUY),+,M,"Direction: 투자의견 매수, 목표주가 신규 제시
Importance: Initiation Report",현대차증권 리포트 20250711
20240801,-3.36,67.2,1,NAV 할인율,24년 8월 현재 NAV 할인율 69%로 증가 (2Q24 67% 대비),-,M,"Direction: 별도 기준 본사의 일반적 사항
Importance: SK스퀘어 주가의 저평가 현황을 조명",대신증권 리포트 20240814
20240813,0.91,67.7,0.5,실적발표,"SK스퀘어, 2024년 2분기 실적 발표",?,M,"Direction: SK하이닉스 지분법이익 반영에 따른 연결실적 변동
Importance: 지주회사 특성상 실적 자체보다 SK하이닉스 실적에 후행하는 결과",SK스퀘어 홈페이지 뉴스룸 20240813
20240813,0.91,67.7,0.5,실적발표,Q2 ’24 Portfolio Update,?,M,"Direction: SK하이닉스 지분법이익 반영에 따른 연결실적 변동
Importance: 지주회사 특성상 실적 자체보다 SK하이닉스 실적에 후행하는 결과",SK스퀘어 홈페이지 IR자료실 20240813
20240813,0.91,67.7,0.5,SK하이닉스,SK하이닉스 주가 7월 11일 고점 이후 24.5% 하락,-,H,"Direction: 핵심 자회사(SK하이닉스) 가치 변동이 NAV에 직접 반영
Importance: SK스퀘어 NAV의 최대 비중을 차지하는 핵심 자산",SK증권 리포트 20240814
20240814,5.65,66.6,-1.1,SK하이닉스,반도체 업황 개선 및 SK하이닉스 주가 상승으로 NAV 증가,+,H,"Direction: 핵심 자회사(SK하이닉스) 가치 변동이 NAV에 직접 반영
Importance: SK스퀘어 NAV의 최대 비중을 차지하는 핵심 자산",대신증권 리포트 20240814
20240814,5.65,66.6,-1.1,증권사리포트,"대신증권 SK스퀘어 목표주가 96,000원 및 매수 투자의견 유지",?,M,"Direction: 투자의견 및 목표주가 유지
Importance: 투자의견 및 목표주가 유지",대신증권 리포트 20240814
20240814,5.65,66.6,-1.1,Harvest,크래프톤 지분 유동화로 2.6천억원 확보 (2Q24 재무 반영),+,M,"Direction: 비핵심 자회사 매각을 통한 확정 이익(Profit) 실현 (Harvest)
Importance: 주주환원 재원 확보 및 NAV 할인율 축소 기대",대신증권 리포트 20240814
20240814,5.65,66.6,-1.1,증권사리포트,"SK증권 목표주가 94,000원으로 책정 (매수 시작)",+,M,"Direction: 투자의견 매수, 목표주가 신규 제시
Importance: Initiation Report",SK증권 리포트 20260519
20240814,5.65,66.6,-1.1,실적발표,"2Q24 영업수익 4.7천억(-13%yoy), OP 7.8천억(흑전) 기록 발표",+,H,"Direction: SK하이닉스 지분법이익 반영에 따른 연결실적 변동
Importance: 지주회사 특성상 실적 자체보다 SK하이닉스 실적에 후행하는 결과",대신증권 리포트 20240814
20240814,5.65,66.6,-1.1,실적발표,"SK스퀘어 2Q24 영업이익 7,748억원 기록 및 대폭 개선",+,H,"Direction: SK하이닉스 지분법이익 반영에 따른 연결실적 변동
Importance: 지주회사 특성상 실적 자체보다 SK하이닉스 실적에 후행하는 결과",SK증권 리포트 20240814
20240820,3.6,65.8,-0.3,실적발표,"2Q24 영업이익 7,748억원 (전년 동기 흑자전환, 전분기 대비 139% 증가)",+,H,"Direction: SK하이닉스 지분법이익 반영에 따른 연결실적 변동
Importance: 지주회사 특성상 실적 자체보다 SK하이닉스 실적에 후행하는 결과",현대차증권 리포트 20240820
20240930,-5.16,65.3,0.3,실적발표,"3Q24 영업이익 1조 1,620억원 기록 (전분기 대비 증가)",+,L,"Direction: SK하이닉스 지분법이익 반영에 따른 연결실적 변동
Importance: 지주회사 특성상 실적 자체보다 SK하이닉스 실적에 후행하는 결과",SK증권 리포트 20251031
20240930,-5.16,65.3,0.3,SK하이닉스,SK하이닉스 실적 턴어라운드로 SK스퀘어 연결 실적 크게 개선,+,H,"Direction: 핵심 자회사(SK하이닉스) 가치 변동이 NAV에 직접 반영
Importance: SK스퀘어 NAV의 최대 비중을 차지하는 핵심 자산",BNK투자증권 리포트 20241127
20240930,-5.16,65.3,0.3,실적발표,"3Q24 누적 11번가, SK플래닛, T맵 실적 개선",+,M,"Direction: SK하이닉스 지분법이익 반영에 따른 연결실적 변동
Importance: 지주회사 특성상 실적 자체보다 SK하이닉스 실적에 후행하는 결과",대신증권 리포트 20250203
20241010,,65.9,,이사회,"2021년 주총 스톡옵션 44,619주 행사 개시",?,L,"Direction: 별도 기준 본사의 일반적인 사항
Importance: 주가 방향성에는 영향이 제한적이나 일반적인 시장의 관심은 높은편",현대차증권 리포트 20250711
20241017,2.35,66.1,0.3,자회사,SK하이닉스 지분 일부 매각으로 1.19조원 현금 확보,+,H,"Direction: SK스퀘어에 현금 유입
Importance: 주주환원 재원 및 NAV 할인율 축소 기대 요인",SK증권 리포트 20250226
20241024,-2.28,65.3,1.2,NAV 할인율,"2027년까지 NAV 할인율 50% 이하, PBR 1배 이상 목표 제시",+,H,"Direction: 별도 기준 본사의 일반적 사항
Importance: SK스퀘어 주가의 저평가 현황을 조명",BNK투자증권 리포트 20241127
20241024,-2.28,65.3,1.2,실적발표,2024년 3분기 지주 부문 실적 개선 및 자회사 적자폭 축소,+,M,"Direction: SK하이닉스 지분법이익 반영에 따른 연결실적 변동
Importance: 지주회사 특성상 실적 자체보다 SK하이닉스 실적에 후행하는 결과",BNK투자증권 리포트 20241127
20241030,-0.33,64.9,0.8,밸류업,기업가치제고계획예고(안내공시),+,H,"Direction: 정부 밸류업 정책 중에서도 SK스퀘어가 모범사례로 특히 부각되며 재평가
Importance: 밸류업 테마 내 SK스퀘어 고유의 초과 재평가 요인",SK스퀘어 홈페이지 IR자료실 20241030
20241031,-5.36,65.5,0.6,자회사,Wavve 순이용자 367만명,?,L,"Direction: 비핵심자산의 비재무지표
Importance: 비핵심자산의 일반적 사항",대신증권 리포트 20241122
20241031,-5.36,65.5,0.6,자회사,11번가 순이용자 938만명,?,L,"Direction: 비핵심자산의 비재무지표
Importance: 비핵심자산의 일반적 사항",대신증권 리포트 20241122
20241101,-1.06,65.2,-0.3,밸류업,기업가치제고계획 발표,+,H,"Direction: 정부 밸류업 정책 중에서도 SK스퀘어가 모범사례로 특히 부각되며 재평가
Importance: 밸류업 테마 내 SK스퀘어 고유의 초과 재평가 요인",현대차증권 리포트 20250711
20241108,2.48,63.6,-0.4,자회사,"SK텔레콤 1,468억원 규모 특별배당 실시 (SK스퀘어 현금 유입)",+,M,"Direction: SK스퀘어에 현금 유입
Importance: 주주환원 재원 및 NAV 할인율 축소 기대 요인",SK증권 리포트 20250226
20241114,-8.53,66.1,1.5,실적발표,Q3 ’24 Portfolio Update,?,M,"Direction: SK하이닉스 지분법이익 반영에 따른 연결실적 변동
Importance: 지주회사 특성상 실적 자체보다 SK하이닉스 실적에 후행하는 결과",SK스퀘어 홈페이지 IR자료실 20241114
20241114,-8.53,66.1,1.5,실적발표,"SK스퀘어, 2024년 3분기 실적 발표",?,M,"Direction: SK하이닉스 지분법이익 반영에 따른 연결실적 변동
Importance: 지주회사 특성상 실적 자체보다 SK하이닉스 실적에 후행하는 결과",SK스퀘어 홈페이지 뉴스룸 20241114
20241114,-8.53,66.1,1.5,실적발표,3Q24 영업이익 흑자전환 및 자회사 실적 개선,+,H,"Direction: SK하이닉스 지분법이익 반영에 따른 연결실적 변동
Importance: 지주회사 특성상 실적 자체보다 SK하이닉스 실적에 후행하는 결과",대신증권 리포트 20241118
20241114,-8.53,66.1,1.5,자회사,Tmap MAU 1.5천만명 최초 달성 및 고성장,+,M,"Direction: 비핵심자산의 비재무지표
Importance: 비핵심자산의 일반적 사항",대신증권 리포트 20241118
20241115,-0.89,67.2,1.1,증권사리포트,"현대차증권 목표주가 110,000원 유지 (BUY 유지)",+,M,"Direction: 투자의견 및 목표주가 유지
Importance: 투자의견 및 목표주가 유지",현대차증권 리포트 20241115
20241115,-0.89,67.2,1.1,실적발표,"3Q24 실적 발표 (영업이익/순이익 흑자전환, SK하이닉스 기여)",+,H,"Direction: SK하이닉스 지분법이익 반영에 따른 연결실적 변동
Importance: 지주회사 특성상 실적 자체보다 SK하이닉스 실적에 후행하는 결과",SK증권 리포트 20241115
20241116,,,,증권사리포트,"대신증권 SK스퀘어 목표주가 96,000원 유지 (매수)",?,L,"Direction: 투자의견 및 목표주가 유지
Importance: 투자의견 및 목표주가 유지",대신증권 리포트 20260526
20241118,1.55,65.7,-1.5,NAV 할인율,"NAV 할인율 64% 수준, 여전히 높은 편 지적",-,M,"Direction: 별도 기준 본사의 일반적 사항
Importance: SK스퀘어 주가의 저평가 현황을 조명",흥국증권 리포트 20241118
20241118,1.55,65.7,-1.5,자회사,"T맵, 11번가 등 관계 ICT 자회사 실적 개선 성과 가시화",+,M,"Direction: 비핵심자회사의 실적 개선
Importance: 개별 자회사 영향은 제한적이나 누적 시 NAV·투자심리에 긍정적",흥국증권 리포트 20241118
20241118,1.55,65.7,-1.5,SK하이닉스,4분기 HBM3E 12단 매출 본격화 등 실적 개선세 지속 전망,+,M,"Direction: 핵심 자회사(SK하이닉스) 가치 변동이 NAV에 직접 반영
Importance: SK스퀘어 NAV의 최대 비중을 차지하는 핵심 자산",흥국증권 리포트 20241118
20241118,1.55,65.7,-1.5,증권사리포트,"흥국증권 목표주가 120,000원(매수) 유지",?,L,"Direction: 투자의견 및 목표주가 유지
Importance: 투자의견 및 목표주가 유지",흥국증권 리포트 20241118
20241118,1.55,65.7,-1.5,밸류업,11월 중 기업가치 제고계획 공시 계획 발표,+,H,"Direction: 정부 밸류업 정책 중에서도 SK스퀘어가 모범사례로 특히 부각되며 재평가
Importance: 밸류업 테마 내 SK스퀘어 고유의 초과 재평가 요인",흥국증권 리포트 20241118
20241118,1.55,65.7,-1.5,SK하이닉스,25년 SK하이닉스 실적 꾸준한 성장 전망,+,M,"Direction: 핵심 자회사(SK하이닉스) 가치 변동이 NAV에 직접 반영
Importance: SK스퀘어 NAV의 최대 비중을 차지하는 핵심 자산",흥국증권 리포트 20241118
20241118,1.55,65.7,-1.5,SK하이닉스,핵심 자회사 SK하이닉스 3분기 사상 최대 실적 견인,+,H,"Direction: 핵심 자회사(SK하이닉스) 가치 변동이 NAV에 직접 반영
Importance: SK스퀘어 NAV의 최대 비중을 차지하는 핵심 자산",흥국증권 리포트 20241118
20241118,1.55,65.7,-1.5,자회사,"Wavve-티빙 작업 진행 중, 결과 예단은 어려움",?,L,"Direction: 비핵심자회사의 사업 진행 상황
Importance: 일별 주가 방향성에 미치는 영향은 제한적",흥국증권 리포트 20241118
20241118,1.55,65.7,-1.5,신규투자,신성장 동력 확보 노력 가시화 기대,+,M,"Direction: 핵심사업 (AI/반도체 투자)와 정합성 결여. 현금 유출
Importance: 비핵심자산 지분 취득",흥국증권 리포트 20241118
20241118,1.55,65.7,-1.5,자회사,25년 기타 포트폴리오 관계사 실적 호전 전망,+,L,"Direction: 비핵심자회사의 실적 개선
Importance: 개별 자회사 영향은 제한적이나 누적 시 NAV·투자심리에 긍정적",흥국증권 리포트 20241118
20241118,1.55,65.7,-1.5,실적발표,"SK스퀘어 3분기 매출 4,575억, 영업이익 1.1조(흑전) 기록",+,H,"Direction: SK하이닉스 지분법이익 반영에 따른 연결실적 변동
Importance: 지주회사 특성상 실적 자체보다 SK하이닉스 실적에 후행하는 결과",흥국증권 리포트 20241118
20241119,-0.89,65.8,0.1,실적발표,"SK스퀘어 3Q24 실적 발표 (영업이익 흑전, 매출 감소)",+,H,"Direction: SK하이닉스 지분법이익 반영에 따른 연결실적 변동
Importance: 지주회사 특성상 실적 자체보다 SK하이닉스 실적에 후행하는 결과",유안타증권 리포트 20241119
20241119,-0.89,65.8,0.1,밸류업,11월 내 밸류업 공시 예정 발표,+,H,"Direction: 정부 밸류업 정책 중에서도 SK스퀘어가 모범사례로 특히 부각되며 재평가
Importance: 밸류업 테마 내 SK스퀘어 고유의 초과 재평가 요인",유안타증권 리포트 20241119
20241119,-0.89,65.8,0.1,SK하이닉스,SK하이닉스 3Q24 사상 최대 실적 달성,+,H,"Direction: 핵심 자회사(SK하이닉스) 가치 변동이 NAV에 직접 반영
Importance: SK스퀘어 NAV의 최대 비중을 차지하는 핵심 자산",유안타증권 리포트 20241119
20241121,0.75,64.5,-0.6,밸류업,SK스퀘어 기업가치제고계획 발표 (NAV 할인율 50% 이하 목표),+,H,"Direction: 정부 밸류업 정책 중에서도 SK스퀘어가 모범사례로 특히 부각되며 재평가
Importance: 밸류업 테마 내 SK스퀘어 고유의 초과 재평가 요인",대신증권 리포트 20260526
20241121,,,,주주환원,"1,000억원 자사주 매입 공시 (Batch 4)",+,H,"Direction: SK스퀘어에 현금 유입
Importance: NAV 할인율 축소를 위한 대표적 주주환원 수단",공시
20241121,0.75,64.5,-0.6,밸류업,SK스퀘어 기업가치 제고 계획 (2024),+,H,"Direction: 정부 밸류업 정책 중에서도 SK스퀘어가 모범사례로 특히 부각되며 재평가
Importance: 밸류업 테마 내 SK스퀘어 고유의 초과 재평가 요인",SK스퀘어 홈페이지 IR자료실 20241121
20241121,0.75,64.5,-0.6,밸류업,'27년까지 NAV 할인율 50% 이하 등 기업가치제고 목표 발표,+,H,"Direction: 정부 밸류업 정책 중에서도 SK스퀘어가 모범사례로 특히 부각되며 재평가
Importance: 밸류업 테마 내 SK스퀘어 고유의 초과 재평가 요인",현대차증권 리포트 20241122
20241121,0.75,64.5,-0.6,신규투자,AI Value-chain 내 반도체/AI 신규 투자 계획 발표,+,M,"Direction: 핵심사업 (AI/반도체 투자)와 정합성 결여. 현금 유출
Importance: 비핵심자산 지분 취득",현대차증권 리포트 20241122
20241122,8.83,62.8,-1.7,증권사리포트,대신증권 목표주가 96000원 (매수) 유지,+,M,"Direction: 투자의견 및 목표주가 유지
Importance: 투자의견 및 목표주가 유지",대신증권 리포트 20241122
20241122,8.83,62.8,-1.7,증권사리포트,"SK증권 목표주가 105,000원으로 상향 (매수 유지)",+,M,"Direction: 기존 투자의견 유지, 목표주가 상향 조정
Importance: 펀더멘털 개선을 반영한 목표주가 조정",SK증권 리포트 20260519
20241122,8.83,62.8,-1.7,증권사리포트,목표주가 산정 NAV 대비 할인율 60%에서 55%로 하향 조정,+,M,"Direction: 애널리스트 레포트의 SOTP 근거
Importance: NAV 할인율에 근거한 Valuation",SK증권 리포트 20241122
20241122,8.83,62.8,-1.7,주주환원,"기업가치제고계획 발표 (25~27년 COE 초과 ROE, NAV 할인율 50% 이하 등)",+,H,"Direction: 핵심 주주환원 정책 (자사주 매입·소각)
Importance: NAV 할인율 축소를 위한 대표적 주주환원 수단",SK증권 리포트 20241122
20241125,0.23,62.8,0,신규투자,"SK스토아 1,008억원 규모 유상증자 계약 체결 (SK스퀘어 투자)",?,L,"Direction: 핵심사업 (AI/반도체 투자)와 정합성 결여. 현금 유출
Importance: 비핵심자산 지분 취득",SK증권 리포트 20250226
20241125,0.23,62.8,0,주주환원,"1,000억원 규모 자기주식 직접 취득 결정 (24.11.25~25.2.24)",+,H,"Direction: 핵심 주주환원 정책 (자사주 매입·소각)
Importance: NAV 할인율 축소를 위한 대표적 주주환원 수단",현대차증권 리포트 20250711
20241127,-5.08,64.5,0.4,증권사리포트,"BNK투자증권 목표주가 125,000원으로 유지 (매수)",?,M,"Direction: 투자의견 및 목표주가 유지
Importance: 투자의견 및 목표주가 유지",BNK투자증권 리포트 20241127
20241127,-5.08,64.5,0.4,자회사,콘텐츠웨이브 전환사채 발행 가치 반영 (NAV 산정 기준),?,L,"Direction: 애널리스트 레포트의 SOTP 근거
Importance: 비핵심 자회사의 자본구조 조정",SK증권 리포트 20250410
20241130,,,,밸류업,11월 중 기업가치제고 계획 공시 예정,+,H,"Direction: 정부 밸류업 정책 중에서도 SK스퀘어가 모범사례로 특히 부각되며 재평가
Importance: 밸류업 테마 내 SK스퀘어 고유의 초과 재평가 요인",SK증권 리포트 20241115
20241204,-1.83,66.7,1.1,증권사리포트,대신증권 목표주가 96000원 유지 (매수 유지),?,M,"Direction: 투자의견 및 목표주가 유지
Importance: 투자의견 및 목표주가 유지",대신증권 리포트 20241204
20241204,-1.83,66.7,1.1,SK하이닉스,SK하이닉스 기업가치 21% 상승 (직전 리포트 대비),+,H,"Direction: 핵심 자회사(SK하이닉스) 가치 변동이 NAV에 직접 반영
Importance: SK스퀘어 NAV의 최대 비중을 차지하는 핵심 자산",대신증권 리포트 20250203
20241205,5.06,65.9,-0.8,ESG,"SK스퀘어, ‘올해 ESG 우수기업’ 수상",?,L,"Direction: ESG 인증·성과가 주가 방향성에 미치는 영향은 제한적
Importance: 기업 이미지 제고 효과는 있으나 일별 주가 영향은 미미",SK스퀘어 홈페이지 뉴스룸 20241205
20241231,,,,자회사,콘텐츠웨이브 24.4Q deal 금액으로 가치 평가,?,L,"Direction: 애널리스트 레포트의 SOTP 근거
Importance: 비핵심 자회사의 자본구조 조정",현대차증권 리포트 20250711
20241231,,,,실적발표,"2024년 매출 19.07조원, 영업이익 3.91조원, 순이익 3.71조원 기록",?,M,"Direction: SK하이닉스 지분법이익 반영에 따른 연결실적 변동
Importance: 지주회사 특성상 실적 자체보다 SK하이닉스 실적에 후행하는 결과",대신증권 리포트 20251015
20241231,,,,자회사,"십일번가 4Q24 장부가액 8,340억원 감액 반영",-,M,"Direction: 애널리스트 레포트의 SOTP 근거
Importance: 비핵심 자회사의 자본구조 조정",현대차증권 리포트 20250508
20241231,,,,자회사,"11번가, FSK L&S, SK 플래닛 등 자회사 장부가액 반영",?,L,"Direction: 애널리스트 레포트의 SOTP 근거
Importance: 비핵심 자회사의 자본구조 조정",SK증권 리포트 20250725
20241231,,,,실적발표,"4Q24 말 기준 SK스퀘어 순차입금 -5,408억원 (순현금 전환)",+,M,"Direction: SK하이닉스 지분법이익 반영에 따른 연결실적 변동
Importance: 지주회사 특성상 실적 자체보다 SK하이닉스 실적에 후행하는 결과",SK증권 리포트 20250410
20241231,,,,실적발표,"4Q24 영업이익 1조 6,520억원 기록 (전분기 대비 증가)",+,L,"Direction: SK하이닉스 지분법이익 반영에 따른 연결실적 변동
Importance: 지주회사 특성상 실적 자체보다 SK하이닉스 실적에 후행하는 결과",SK증권 리포트 20251031
20241231,,,,자회사,"주요 비상장 자회사(11번가, FSK L&S, SK플래닛, 기타) 4Q24 장부가액 기준 NAV 산정",?,L,"Direction: 애널리스트 레포트의 SOTP 근거
Importance: 비핵심 자회사의 자본구조 조정",SK증권 리포트 20250410
20250101,,,,실적발표,"2023년 영업손실 -2.3조원, 순손실 -1.3조원 기록",-,H,"Direction: SK하이닉스 지분법이익 반영에 따른 연결실적 변동
Importance: 지주회사 특성상 실적 자체보다 SK하이닉스 실적에 후행하는 결과",대신증권 리포트 20250203
20250106,,,,주주환원,"1,000억원 규모 자사주 소각 완료 (Batch 3)",+,M,"Direction: 기보유 자사주를 활용한 자본효율성 개선
Importance: NAV 할인율 축소 실현",공시
20250123,-1.19,64.8,-0.4,증권사리포트,"현대차증권 목표주가 130,000원으로 상향 (BUY 유지)",+,M,"Direction: 기존 투자의견 유지, 목표주가 상향 조정
Importance: 펀더멘털 개선을 반영한 목표주가 조정",현대차증권 리포트 20251202
20250124,0.4,64.8,0,증권사리포트,"SK증권 목표주가 125,000원으로 상향 (매수 유지)",+,M,"Direction: 기존 투자의견 유지, 목표주가 상향 조정
Importance: 펀더멘털 개선을 반영한 목표주가 조정",SK증권 리포트 20260519
20250124,0.4,64.8,0,SK하이닉스,SK스퀘어 YTD 수익률 26% 기록 (SK하이닉스 27.1%),+,M,"Direction: 핵심 자회사(SK하이닉스) 가치 변동이 NAV에 직접 반영
Importance: SK스퀘어 NAV의 최대 비중을 차지하는 핵심 자산",대신증권 리포트 20250203
20250129,,,,증권사리포트,현대차증권 목표주가 11만원 유지 (AFTER 6M),?,L,"Direction: 투자의견 및 목표주가 유지
Importance: 투자의견 및 목표주가 유지",현대차증권 리포트 20250711
20250131,,63.8,,증권사리포트,"대신증권 목표주가 110,000원으로 상향 (매수 의견 유지)",+,M,"Direction: 기존 투자의견 유지, 목표주가 상향 조정
Importance: 펀더멘털 개선을 반영한 목표주가 조정",대신증권 리포트 20250516
20250131,,63.8,,SK하이닉스,SK하이닉스 2024년 FCF 기반 특별배당 수취 기대,+,H,"Direction: 핵심 자회사(SK하이닉스) 가치 변동이 NAV에 직접 반영
Importance: SK스퀘어 NAV의 최대 비중을 차지하는 핵심 자산",SK증권 리포트 20241115
20250131,,63.8,,증권사리포트,"대신증권 SK스퀘어 목표주가 110,000원 상향 (매수)",+,M,"Direction: 기존 투자의견 유지, 목표주가 상향 조정
Importance: 펀더멘털 개선을 반영한 목표주가 조정",대신증권 리포트 20260526
20250131,,63.8,,SK하이닉스,SK하이닉스 주가 -9.9% 하락 영향 (SK스퀘어 -5.8%),-,H,"Direction: 핵심 자회사(SK하이닉스) 가치 변동이 NAV에 직접 반영
Importance: SK스퀘어 NAV의 최대 비중을 차지하는 핵심 자산",대신증권 리포트 20250203
20250203,-6.91,65.1,1.3,증권사리포트,"대신증권 목표주가 110,000원으로 상향 (매수 유지)",+,M,"Direction: 기존 투자의견 유지, 목표주가 상향 조정
Importance: 펀더멘털 개선을 반영한 목표주가 조정",대신증권 리포트 20250203
20250225,-3.17,63.7,0.4,실적발표,Q4 ’24 Portfolio Update,?,M,"Direction: SK하이닉스 지분법이익 반영에 따른 연결실적 변동
Importance: 지주회사 특성상 실적 자체보다 SK하이닉스 실적에 후행하는 결과",SK스퀘어 홈페이지 IR자료실 20250225
20250225,-3.17,63.7,0.4,실적발표,"SK스퀘어, 2024년 연간 실적 발표",?,M,"Direction: SK하이닉스 지분법이익 반영에 따른 연결실적 변동
Importance: 지주회사 특성상 실적 자체보다 SK하이닉스 실적에 후행하는 결과",SK스퀘어 홈페이지 뉴스룸 20250225
20250226,1.37,63.6,-0.1,증권사리포트,"SK증권 목표주가 125,000원 유지 (매수)",?,L,"Direction: 투자의견 및 목표주가 유지
Importance: 투자의견 및 목표주가 유지",SK증권 리포트 20250226
20250227,-1.66,63.7,0.1,증권사리포트,현대차증권 목표주가 13만원으로 상향 (매수 유지),+,M,"Direction: 기존 투자의견 유지, 목표주가 상향 조정
Importance: 펀더멘털 개선을 반영한 목표주가 조정",현대차증권 리포트 20250331
20250227,-1.66,63.7,0.1,실적발표,SK스퀘어 2024년 4분기 연결 영업이익 흑자전환 및 호실적 발표,+,H,"Direction: SK하이닉스 지분법이익 반영에 따른 연결실적 변동
Importance: 지주회사 특성상 실적 자체보다 SK하이닉스 실적에 후행하는 결과",흥국증권 리포트 20250227
20250227,-1.66,63.7,0.1,증권사리포트,흥국증권 SK스퀘어 목표주가 12만원 (매수) 유지,+,M,"Direction: 투자의견 및 목표주가 유지
Importance: 투자의견 및 목표주가 유지",흥국증권 리포트 20250227
20250327,,,,주주환원,"1,000억원 자사주 매입 공시 (Batch 5)",+,H,"Direction: SK스퀘어에 현금 유입
Importance: NAV 할인율 축소를 위한 대표적 주주환원 수단",공시
20250327,-1.81,63.6,-0.3,증권사리포트,"대신증권 SK스퀘어 목표주가 110,000원 유지 (매수)",?,L,"Direction: 투자의견 및 목표주가 유지
Importance: 투자의견 및 목표주가 유지",대신증권 리포트 20260526
20250327,-1.81,63.6,-0.3,밸류업,"SK스퀘어, 포트폴리오 밸류업으로 기업가치 높인다",+,H,"Direction: 정부 밸류업 정책 중에서도 SK스퀘어가 모범사례로 특히 부각되며 재평가
Importance: 밸류업 테마 내 SK스퀘어 고유의 초과 재평가 요인",SK스퀘어 홈페이지 뉴스룸 20250327
20250328,-1.94,63.1,-0.5,증권사리포트,"대신증권 목표주가 110,000원으로 유지 (매수 유지)",?,M,"Direction: 투자의견 및 목표주가 유지
Importance: 투자의견 및 목표주가 유지",대신증권 리포트 20250328
20250331,-2.71,62.7,-0.4,실적발표,"1Q25 영업이익 1조 6,520억원 기록 (전분기 수준 유지)",?,L,"Direction: SK하이닉스 지분법이익 반영에 따른 연결실적 변동
Importance: 지주회사 특성상 실적 자체보다 SK하이닉스 실적에 후행하는 결과",SK증권 리포트 20251031
20250331,-2.71,62.7,-0.4,실적발표,"SK스퀘어 1Q25 별도기준 순차입금 -4,361억원 (순현금)",+,L,"Direction: SK하이닉스 지분법이익 반영에 따른 연결실적 변동
Importance: 지주회사 특성상 실적 자체보다 SK하이닉스 실적에 후행하는 결과",SK증권 리포트 20250725
20250331,-2.71,62.7,-0.4,증권사리포트,현대차증권 목표주가 13만원으로 유지 (매수 유지),?,L,"Direction: 투자의견 및 목표주가 유지
Importance: 투자의견 및 목표주가 유지",현대차증권 리포트 20250331
20250331,-2.71,62.7,-0.4,실적발표,1Q25 기준 순현금 4.4천억원 보유,+,L,"Direction: SK하이닉스 지분법이익 반영에 따른 연결실적 변동
Importance: 지주회사 특성상 실적 자체보다 SK하이닉스 실적에 후행하는 결과",대신증권 리포트 20250516
20250401,,,,주주환원,"1,000억원 규모 자사주 소각 완료 (Batch 4)",+,M,"Direction: 기보유 자사주를 활용한 자본효율성 개선
Importance: NAV 할인율 축소 실현",공시
20250401,-0.54,63.9,1.2,SK하이닉스,SK하이닉스 PBR이 SK스퀘어 할인율 역수 상회 시작,-,M,"Direction: 핵심 자회사(SK하이닉스) 가치 변동이 NAV에 직접 반영
Importance: SK스퀘어 NAV의 최대 비중을 차지하는 핵심 자산",대신증권 리포트 20251015
20250410,13.96,64.6,-1.5,증권사리포트,"SK증권 목표주가 110,000원으로 하향 (매수 유지)",-,M,"Direction: 기존 투자의견 유지, 목표주가 하향 조정
Importance: 펀더멘털 둔화를 반영한 목표주가 조정",SK증권 리포트 20260519
20250410,13.96,64.6,-1.5,SK하이닉스,SK 하이닉스 2025년 분기 순이익 계단식 상승 전망으로 SK 스퀘어 주가 반등 기대,+,H,"Direction: 핵심 자회사(SK하이닉스) 가치 변동이 NAV에 직접 반영
Importance: SK스퀘어 NAV의 최대 비중을 차지하는 핵심 자산",SK증권 리포트 20250410
20250429,0.58,63.6,-0.4,신규투자,"SK스퀘어, 美∙日 AI∙반도체 기업 5곳 투자",?,L,"Direction: 핵심사업 (AI/반도체 투자)와 정합성 결여. 현금 유출
Importance: 비핵심자산 지분 취득",SK스퀘어 홈페이지 뉴스룸 20250429
20250501,,,,매크로,"5-6월 KOSPI 상승구간, 저평가 종목 부각",+,M,"Direction: 거시경제 환경(금리·증시 전반)이 저평가 종목 재평가에 미치는 영향
Importance: SK스퀘어 개별 이슈가 아닌 시장 전반적 요인",현대차증권 리포트 20250711
20250508,0.76,62.8,-0.4,증권사리포트,"현대차증권 목표주가 130,000원 유지 (BUY 유지)",+,M,"Direction: 투자의견 및 목표주가 유지
Importance: 투자의견 및 목표주가 유지",현대차증권 리포트 20250508
20250515,-2.61,61.5,0.2,자회사,T맵모빌리티 1Q25 영업손실 -94억원 (적자폭 축소),+,M,"Direction: 비핵심자회사의 실적 개선
Importance: 개별 자회사 영향은 제한적이나 누적 시 NAV·투자심리에 긍정적",대신증권 리포트 20250516
20250515,-2.61,61.5,0.2,실적발표,"1Q25 매출 4천억원, 영업이익 1.7조원 발표",+,H,"Direction: SK하이닉스 지분법이익 반영에 따른 연결실적 변동
Importance: 지주회사 특성상 실적 자체보다 SK하이닉스 실적에 후행하는 결과",대신증권 리포트 20250516
20250515,-2.61,61.5,0.2,실적발표,"SK스퀘어, 2025년 1분기 실적 발표",?,M,"Direction: SK하이닉스 지분법이익 반영에 따른 연결실적 변동
Importance: 지주회사 특성상 실적 자체보다 SK하이닉스 실적에 후행하는 결과",SK스퀘어 홈페이지 뉴스룸 20250515
20250515,-2.61,61.5,0.2,실적발표,Q1 ’25 Portfolio Update,?,M,"Direction: SK하이닉스 지분법이익 반영에 따른 연결실적 변동
Importance: 지주회사 특성상 실적 자체보다 SK하이닉스 실적에 후행하는 결과",SK스퀘어 홈페이지 IR자료실 20250515
20250515,-2.61,61.5,0.2,자회사,SK플래닛 1Q25 영업이익 83억원 기록,+,L,"Direction: 비핵심자회사의 실적 개선
Importance: 개별 자회사 영향은 제한적이나 누적 시 NAV·투자심리에 긍정적",대신증권 리포트 20250516
20250516,1.79,61.4,-0.1,증권사리포트,"대신증권 목표주가 110,000원으로 유지 (매수 의견 유지)",+,M,"Direction: 투자의견 및 목표주가 유지
Importance: 투자의견 및 목표주가 유지",대신증권 리포트 20250516
20250516,1.79,61.4,-0.1,자회사,"T맵 MAU 1,486만명 달성 (전년 대비 17만명 증가)",+,L,"Direction: 비핵심자산의 비재무지표
Importance: 비핵심자산의 일반적 사항",대신증권 리포트 20250516
20250516,1.79,61.4,-0.1,증권사리포트,대신증권 25년 영업이익 및 순이익 전망 상향 조정,+,M,"Direction: 기존 투자의견 유지, 목표주가 상향 조정
Importance: 펀더멘털 개선을 반영한 목표주가 조정",대신증권 리포트 20250516
20250516,1.79,61.4,-0.1,자회사,"SK플래닛 24년 OP 23억원, 1Q25 OP 83억원 발표",+,L,"Direction: 비핵심자회사의 실적 개선
Importance: 개별 자회사 영향은 제한적이나 누적 시 NAV·투자심리에 긍정적",대신증권 리포트 20250516
20250516,1.79,61.4,-0.1,자회사,웨이브 24년 OP -277억원 발표,+,M,"Direction: 비핵심자회사의 실적 개선
Importance: 개별 자회사 영향은 제한적이나 누적 시 NAV·투자심리에 긍정적",대신증권 리포트 20250516
20250516,1.79,61.4,-0.1,NAV 할인율,NAV 대비 할인율 62%로 4Q24 대비 개선,+,M,"Direction: 별도 기준 본사의 일반적 사항
Importance: SK스퀘어 주가의 저평가 현황을 조명",대신증권 리포트 20250516
20250516,1.79,61.4,-0.1,실적발표,"1Q25 매출 4천억원(-19% YoY), OP 1.7조원(+410% YoY) 발표",+,H,"Direction: SK하이닉스 지분법이익 반영에 따른 연결실적 변동
Importance: 지주회사 특성상 실적 자체보다 SK하이닉스 실적에 후행하는 결과",대신증권 리포트 20250516
20250516,1.79,61.4,-0.1,자회사,웨이브-티빙 합병 공정위 기업결합심사 진행 중,+,H,"Direction: 비핵심자회사의 사업 진행 상황
Importance: 일별 주가 방향성에 미치는 영향은 제한적",대신증권 리포트 20250516
20250519,-2.73,61.7,0.3,증권사리포트,"흥국증권, SK스퀘어 목표주가 120,000원 및 투자의견 BUY 유지 리포트 발간",+,M,"Direction: 투자의견 및 목표주가 유지
Importance: 투자의견 및 목표주가 유지",흥국증권 리포트 20250519
20250519,-2.73,61.7,0.3,실적발표,"SK스퀘어 1Q25 매출액 4,028억, 영업이익 1조 6,523억 기록 (사상 최대 실적)",+,H,"Direction: SK하이닉스 지분법이익 반영에 따른 연결실적 변동
Importance: 지주회사 특성상 실적 자체보다 SK하이닉스 실적에 후행하는 결과",흥국증권 리포트 20250519
20250601,,,,SK하이닉스,SK하이닉스 대안 부각으로 NAV 할인율 47% 축소,+,M,"Direction: 핵심 자회사(SK하이닉스) 가치 변동이 NAV에 직접 반영
Importance: SK스퀘어 NAV의 최대 비중을 차지하는 핵심 자산",대신증권 리포트 20260225
20250601,,,,SK하이닉스,6월 들어 대표 자회사 지분가치 가파르게 증가,+,H,"Direction: 핵심 자회사(SK하이닉스) 가치 변동이 NAV에 직접 반영
Importance: SK스퀘어 NAV의 최대 비중을 차지하는 핵심 자산",현대차증권 리포트 20250711
20250630,3.8,49.6,-0.6,자회사,티맵모빌리티 2Q25 영업적자폭 38억원 감소 (YoY +98억원),+,M,"Direction: 비핵심자회사의 실적 개선
Importance: 개별 자회사 영향은 제한적이나 누적 시 NAV·투자심리에 긍정적",유안타증권 리포트 20251022
20250630,3.8,49.6,-0.6,자회사,11번가 2Q25 영업적자 폭 전년 동기 대비 81억원 축소,+,M,"Direction: 비핵심자회사의 실적 개선
Importance: 개별 자회사 영향은 제한적이나 누적 시 NAV·투자심리에 긍정적",대신증권 리포트 20251015
20250630,3.8,49.6,-0.6,실적발표,"2Q25 영업이익 1조 4,010억원 기록 (전분기 대비 감소)",-,L,"Direction: SK하이닉스 지분법이익 반영에 따른 연결실적 변동
Importance: 지주회사 특성상 실적 자체보다 SK하이닉스 실적에 후행하는 결과",SK증권 리포트 20251031
20250630,3.8,49.6,-0.6,Harvest,SK쉴더스 매각대금 유입 등으로 순현금 1.18조원 기록,+,M,"Direction: 비핵심 자회사 매각을 통한 확정 이익(Profit) 실현 (Harvest)
Importance: 주주환원 재원 확보 및 NAV 할인율 축소 기대",현대차증권 리포트 20250828
20250630,3.8,49.6,-0.6,NAV 할인율,25.6월말 NAV 할인율 47% 기록,+,M,"Direction: 별도 기준 본사의 일반적 사항
Importance: SK스퀘어 주가의 저평가 현황을 조명",대신증권 리포트 20250818
20250630,3.8,49.6,-0.6,자회사,티맵모빌리티 2Q25 영업적자 폭 전년 동기 대비 98억원 축소 (EBITDA 흑자 전환),+,M,"Direction: 비핵심자회사의 실적 개선
Importance: 개별 자회사 영향은 제한적이나 누적 시 NAV·투자심리에 긍정적",대신증권 리포트 20251015
20250630,3.8,49.6,-0.6,SK하이닉스,SK하이닉스로부터 연간 2.6천억원 배당금 유입 (2Q25 기준 순현금 반영),+,M,"Direction: 핵심 자회사(SK하이닉스) 가치 변동이 NAV에 직접 반영
Importance: SK스퀘어 NAV의 최대 비중을 차지하는 핵심 자산",대신증권 리포트 20251015
20250630,3.8,49.6,-0.6,실적발표,별도 현금 1Q25 0.4조원 → 2Q25 1.1조원으로 확대,+,M,"Direction: SK하이닉스 지분법이익 반영에 따른 연결실적 변동
Importance: 지주회사 특성상 실적 자체보다 SK하이닉스 실적에 후행하는 결과",유안타증권 리포트 20251022
20250630,3.8,49.6,-0.6,자회사,T맵모빌리티 2Q25 첫 EBITDA 흑자 달성 및 적자폭 축소,+,M,"Direction: 비핵심자회사의 실적 개선
Importance: 개별 자회사 영향은 제한적이나 누적 시 NAV·투자심리에 긍정적",대신증권 리포트 20250818
20250701,1.09,48,-1.6,Harvest,"SK쉴더스 잔여매각대금 4,500억원 수령 예정",+,M,"Direction: 비핵심 자회사 매각을 통한 확정 이익(Profit) 실현 (Harvest)
Importance: 주주환원 재원 확보 및 NAV 할인율 축소 기대",현대차증권 리포트 20250508
20250701,1.09,48,-1.6,기타,SK스퀘어 주가 20만원 돌파,+,L,"Direction: 주가 마일스톤에 대한 시장의 관심 반영
Importance: 특정 사건이 아닌 주가 흐름 자체에 대한 언급",현대차증권 리포트 20250711
20250701,1.09,48,-1.6,Harvest,"SK쉴더스 매각대금 4,500억원 확보 25년 7월까지 예정",+,M,"Direction: 비핵심 자회사 매각을 통한 확정 이익(Profit) 실현 (Harvest)
Importance: 주주환원 재원 확보 및 NAV 할인율 축소 기대",SK증권 리포트 20240814
20250711,-5.23,52.4,2.2,증권사리포트,"현대차증권 목표주가 200,000원으로 하향 (BUY 유지)",-,M,"Direction: 기존 투자의견 유지, 목표주가 하향 조정
Importance: 펀더멘털 둔화를 반영한 목표주가 조정",현대차증권 리포트 20251202
20250725,0.66,54.2,-0.8,SK하이닉스,SK하이닉스 2Q25 주당 배당금 375원 결정,+,M,"Direction: 핵심 자회사(SK하이닉스) 가치 변동이 NAV에 직접 반영
Importance: SK스퀘어 NAV의 최대 비중을 차지하는 핵심 자산",SK증권 리포트 20250725
20250725,0.66,54.2,-0.8,증권사리포트,"SK증권 목표주가 310,000원으로 상향 (매수 유지)",+,M,"Direction: 기존 투자의견 유지, 목표주가 상향 조정
Importance: 펀더멘털 개선을 반영한 목표주가 조정",SK증권 리포트 20251031
20250725,0.66,54.2,-0.8,NAV 할인율,SK스퀘어 목표 NAV 할인율 45%로 변경 (기존 50%),+,M,"Direction: 별도 기준 본사의 일반적 사항
Importance: SK스퀘어 주가의 저평가 현황을 조명",SK증권 리포트 20250725
20250725,0.66,54.2,-0.8,SK하이닉스,SK하이닉스 2Q25 실적 발표 (시장 예상치 부합),?,M,"Direction: 핵심 자회사(SK하이닉스) 가치 변동이 NAV에 직접 반영
Importance: SK스퀘어 NAV의 최대 비중을 차지하는 핵심 자산",SK증권 리포트 20250725
20250731,2.77,55.6,0.3,증권사리포트,"대신증권 목표주가 310,000원으로 하향 (매수 유지)",-,L,"Direction: 기존 투자의견 유지, 목표주가 하향 조정
Importance: 펀더멘털 둔화를 반영한 목표주가 조정",대신증권 리포트 20260618
20250731,2.77,55.6,0.3,Harvest,"SK 쉴더스 매각 대금 4,500억원 입금 예정",+,M,"Direction: 비핵심 자회사 매각을 통한 확정 이익(Profit) 실현 (Harvest)
Importance: 주주환원 재원 확보 및 NAV 할인율 축소 기대",SK증권 리포트 20241115
20250731,2.77,55.6,0.3,증권사리포트,"대신증권 SK스퀘어 목표주가 180,000원 상향 (매수)",+,M,"Direction: 기존 투자의견 유지, 목표주가 상향 조정
Importance: 펀더멘털 개선을 반영한 목표주가 조정",대신증권 리포트 20260526
20250801,-7.76,56.9,1.3,NAV 할인율,SK하이닉스 급등에도 NAV 할인율 56%로 확대,-,M,"Direction: 별도 기준 본사의 일반적 사항
Importance: SK스퀘어 주가의 저평가 현황을 조명",대신증권 리포트 20260225
20250801,-7.76,56.9,1.3,Harvest,SK쉴더스 매각 잔여분 4.5천억원 25.8월 이내 유입 예정,+,M,"Direction: 비핵심 자회사 매각을 통한 확정 이익(Profit) 실현 (Harvest)
Importance: 주주환원 재원 확보 및 NAV 할인율 축소 기대",대신증권 리포트 20240226
20250802,,,,증권사리포트,"현대차증권 목표주가 280,000원으로 상향 (BUY 유지)",+,M,"Direction: 기존 투자의견 유지, 목표주가 상향 조정
Importance: 펀더멘털 개선을 반영한 목표주가 조정",현대차증권 리포트 20251202
20250814,-0.62,58.4,0,실적발표,"SK스퀘어, 2025년 2분기 실적 발표",?,M,"Direction: SK하이닉스 지분법이익 반영에 따른 연결실적 변동
Importance: 지주회사 특성상 실적 자체보다 SK하이닉스 실적에 후행하는 결과",SK스퀘어 홈페이지 뉴스룸 20250814
20250814,-0.62,58.4,0,실적발표,Q2 ’25 Portfolio Update,?,M,"Direction: SK하이닉스 지분법이익 반영에 따른 연결실적 변동
Importance: 지주회사 특성상 실적 자체보다 SK하이닉스 실적에 후행하는 결과",SK스퀘어 홈페이지 IR자료실 20250814
20250815,,,,증권사리포트,"대신증권 SK스퀘어 목표주가 310,000원 상향 (매수)",+,H,"Direction: 기존 투자의견 유지, 목표주가 상향 조정
Importance: 펀더멘털 개선을 반영한 목표주가 조정",대신증권 리포트 20260526
20250815,,,,증권사리포트,"대신증권 목표주가 180,000원으로 하향 (매수 유지)",-,L,"Direction: 기존 투자의견 유지, 목표주가 하향 조정
Importance: 펀더멘털 둔화를 반영한 목표주가 조정",대신증권 리포트 20260618
20250817,,,,NAV 할인율,NAV 할인율 59% 기록 (1Q25 62% 대비 축소),+,M,"Direction: 별도 기준 본사의 일반적 사항
Importance: SK스퀘어 주가의 저평가 현황을 조명",대신증권 리포트 20250818
20250818,,59,,증권사리포트,"대신증권 목표주가 180,000원으로 상향 (매수 유지)",+,H,"Direction: 기존 투자의견 유지, 목표주가 상향 조정
Importance: 펀더멘털 개선을 반영한 목표주가 조정",대신증권 리포트 20250818
20250828,6.93,55.6,-1.7,자회사,"11번가/티맵모빌리티 손실 개선, 플랫폼사업 손실 확대",?,M,"Direction: 비핵심자회사의 실적 개선
Importance: 개별 자회사 영향은 제한적이나 누적 시 NAV·투자심리에 긍정적",현대차증권 리포트 20250828
20250828,6.93,55.6,-1.7,자회사,비상장자회사 손실 축소 및 유동화 지속 추진,+,M,"Direction: 비핵심자회사의 실적 개선
Importance: 개별 자회사 영향은 제한적이나 누적 시 NAV·투자심리에 긍정적",현대차증권 리포트 20250828
20250828,6.93,55.6,-1.7,매크로,글로벌 매크로 환경 개선 시 증시 재평가 기대,+,M,"Direction: 거시경제 환경(금리·증시 전반)이 저평가 종목 재평가에 미치는 영향
Importance: SK스퀘어 개별 이슈가 아닌 시장 전반적 요인",현대차증권 리포트 20250828
20250828,6.93,55.6,-1.7,실적발표,"2Q25 연결 영업수익 4,066억원, 영업이익 1.40조원 발표",-,H,"Direction: SK하이닉스 지분법이익 반영에 따른 연결실적 변동
Importance: 지주회사 특성상 실적 자체보다 SK하이닉스 실적에 후행하는 결과",현대차증권 리포트 20250828
20250828,6.93,55.6,-1.7,증권사리포트,현대차증권 목표주가 20만원으로 조정 (BUY 유지),-,M,"Direction: 투자의견 및 목표주가 유지
Importance: 투자의견 및 목표주가 유지",현대차증권 리포트 20250828
20250828,6.93,55.6,-1.7,매크로,7~8월 지주 종목 차익 실현 발생 및 NAV 할인율 확대,-,M,"Direction: 거시경제 환경(금리·증시 전반)이 저평가 종목 재평가에 미치는 영향
Importance: SK스퀘어 개별 이슈가 아닌 시장 전반적 요인",현대차증권 리포트 20250828
20250930,2.23,52.5,-1.2,주주환원,자기주식 취득 신탁계약 해지 결정 공시,+,M,"Direction: 핵심 주주환원 정책 (자사주 매입·소각)
Importance: NAV 할인율 축소를 위한 대표적 주주환원 수단",현대차증권 리포트 20251002
20250930,,,,주주환원,"1,000억원 규모 자사주 소각 완료 (Batch 5)",+,M,"Direction: 기보유 자사주를 활용한 자본효율성 개선
Importance: NAV 할인율 축소 실현",공시
20251001,1.99,53.1,0.6,규제,주식형 펀드 단일 종목 편입 한도 10% 제한 기준 하이닉스에 적용,+,M,"Direction: SK하이닉스 관련 규제가 SK스퀘어 대체투자 매력에 미치는 영향
Importance: 간접적 수급 요인",대신증권 리포트 20260526
20251001,1.99,53.1,0.6,규제,SK하이닉스 시총 비중 10% 상회 (펀드 단일종목 편입 한도 영향),+,H,"Direction: SK하이닉스 관련 규제가 SK스퀘어 대체투자 매력에 미치는 영향
Importance: 간접적 수급 요인",대신증권 리포트 20260225
20251002,15.82,50.1,-3,증권사리포트,"현대차증권 목표주가 243,000원으로 상향 (BUY 유지)",+,M,"Direction: 기존 투자의견 유지, 목표주가 상향 조정
Importance: 펀더멘털 개선을 반영한 목표주가 조정",현대차증권 리포트 20251002
20251004,,,,SK하이닉스,SK하이닉스 밸류에이션 프리미엄 적용 및 목표주가 상향,+,H,"Direction: 핵심 자회사(SK하이닉스) 가치 변동이 NAV에 직접 반영
Importance: SK스퀘어 NAV의 최대 비중을 차지하는 핵심 자산",대신증권 리포트 20251015
20251014,-4.48,52.6,1.8,증권사리포트,"대신증권 목표주가 310,000원으로 상향 (매수 유지)",+,M,"Direction: 기존 투자의견 유지, 목표주가 상향 조정
Importance: 펀더멘털 개선을 반영한 목표주가 조정",대신증권 리포트 20260428
20251015,3.84,52,-0.6,증권사리포트,대신증권 SK스퀘어 NAV 할인율 47% 대비 추가 할인 적용 의견 제시,-,M,"Direction: 애널리스트 레포트의 SOTP 근거
Importance: NAV 할인율에 근거한 Valuation",대신증권 리포트 20251015
20251015,3.84,52,-0.6,증권사리포트,"대신증권 목표주가 310,000원 유지 (매수 유지)",+,M,"Direction: 투자의견 및 목표주가 유지
Importance: 투자의견 및 목표주가 유지",대신증권 리포트 20251015
20251015,3.84,52,-0.6,증권사리포트,대신증권 2025-2026년 실적 추정치 상향 조정,+,M,"Direction: 기존 투자의견 유지, 목표주가 상향 조정
Importance: 펀더멘털 개선을 반영한 목표주가 조정",대신증권 리포트 20251015
20251022,0.98,54.8,-0.3,증권사리포트,"유안타증권, SK스퀘어 목표주가 31만원으로 상향 (BUY 유지)",+,H,"Direction: 기존 투자의견 유지, 목표주가 상향 조정
Importance: 펀더멘털 개선을 반영한 목표주가 조정",유안타증권 리포트 20260401
20251022,0.98,54.8,-0.3,SK하이닉스,핵심 자회사 SK하이닉스 지분가치 상승 지속,+,H,"Direction: 핵심 자회사(SK하이닉스) 가치 변동이 NAV에 직접 반영
Importance: SK스퀘어 NAV의 최대 비중을 차지하는 핵심 자산",유안타증권 리포트 20251022
20251022,0.98,54.8,-0.3,증권사리포트,"유안타증권 투자의견 BUY, 목표주가 310,000원 커버리지 재개",+,H,"Direction: 투자의견 매수, 목표주가 신규 제시
Importance: Initiation Report",유안타증권 리포트 20251022
20251029,1.1,58.1,2.2,자회사,"SK플래닛 유상증자 (3,900억원 규모)",+,M,"Direction: SK스퀘어에 현금 유입
Importance: 주주환원 재원 및 NAV 할인율 축소 기대 요인",현대차증권 리포트 20251202
20251029,1.1,58.1,2.2,자회사,"SK플래닛, 스파크플러스 등 4개사 지분 출자",+,L,"Direction: 비핵심자회사의 사업 진행 상황
Importance: 일별 주가 방향성에 미치는 영향은 제한적",현대차증권 리포트 20251202
20251029,1.1,58.1,2.2,자회사,11번가 보유주식 전량 SK플래닛에 처분 (매각),?,L,"Direction: SK스퀘어에 현금 유입
Importance: 주주환원 재원 및 NAV 할인율 축소 기대 요인",현대차증권 리포트 20251202
20251029,1.1,58.1,2.2,자회사,"SK플래닛-11번가, OK캐쉬백·이커머스 시너지로 도약",?,L,"Direction: 비핵심자회사의 사업 진행 상황
Importance: 일별 주가 방향성에 미치는 영향은 제한적",SK스퀘어 홈페이지 뉴스룸 20251029
20251031,-7.47,60.5,2.6,Portfolio Rebalance,인크로스 지분 36.1% SK네트웍스에 매각 계약 체결,+,M,"Direction: SK스퀘어에 현금 유입
Importance: SK스퀘어 기업 규모 대비 소규모 매각 건",현대차증권 리포트 20251202
20251031,-7.47,60.5,2.6,Portfolio Rebalance,드림어스컴퍼니 지분 17.3% 비마이프렌즈에 매각,+,M,"Direction: SK스퀘어에 현금 유입
Importance: SK스퀘어 기업 규모 대비 소규모 매각 건",현대차증권 리포트 20251202
20251031,-7.47,60.5,2.6,Portfolio Rebalance,"‘플로(FLO)’ 운영사 드림어스컴퍼니, 글로벌 팬덤 기업 비마이프렌즈로 최대주주 변경",?,L,"Direction: SK스퀘어에 현금 유입
Importance: SK스퀘어 기업 규모 대비 소규모 매각 건",SK스퀘어 홈페이지 뉴스룸 20251031
20251031,-7.47,60.5,2.6,증권사리포트,"SK증권 목표주가 330,000원으로 상향 (매수 유지)",+,M,"Direction: 기존 투자의견 유지, 목표주가 상향 조정
Importance: 펀더멘털 개선을 반영한 목표주가 조정",SK증권 리포트 20260519
20251101,,,,밸류업,기업가치 제고 계획 발표 (NAV 대비 할인율 목표 제시),+,H,"Direction: 정부 밸류업 정책 중에서도 SK스퀘어가 모범사례로 특히 부각되며 재평가
Importance: 밸류업 테마 내 SK스퀘어 고유의 초과 재평가 요인",대신증권 리포트 20260428
20251102,,,,증권사리포트,"현대차증권 목표주가 340,000원으로 상향 (BUY 유지)",+,M,"Direction: 기존 투자의견 유지, 목표주가 상향 조정
Importance: 펀더멘털 개선을 반영한 목표주가 조정",현대차증권 리포트 20251202
20251113,0.31,54.9,-0.4,실적발표,Q3 ’25 Portfolio Update,?,M,"Direction: SK하이닉스 지분법이익 반영에 따른 연결실적 변동
Importance: 지주회사 특성상 실적 자체보다 SK하이닉스 실적에 후행하는 결과",SK스퀘어 홈페이지 IR자료실 20251113
20251113,0.31,54.9,-0.4,증권사리포트,"대신증권 SK스퀘어 목표주가 390,000원 유지 (매수)",?,L,"Direction: 투자의견 및 목표주가 유지
Importance: 투자의견 및 목표주가 유지",대신증권 리포트 20260526
20251113,0.31,54.9,-0.4,실적발표,"SK스퀘어, 2025년 3분기 실적 발표",?,M,"Direction: SK하이닉스 지분법이익 반영에 따른 연결실적 변동
Importance: 지주회사 특성상 실적 자체보다 SK하이닉스 실적에 후행하는 결과",SK스퀘어 홈페이지 뉴스룸 20251113
20251113,,,,주주환원,"1,000억원 자사주 매입 공시 (Batch 6)",+,H,"Direction: SK스퀘어에 현금 유입
Importance: NAV 할인율 축소를 위한 대표적 주주환원 수단",공시
20251113,0.31,54.9,-0.4,증권사리포트,"대신증권 목표주가 390,000원으로 상향 (매수 유지)",+,M,"Direction: 기존 투자의견 유지, 목표주가 상향 조정
Importance: 펀더멘털 개선을 반영한 목표주가 조정",대신증권 리포트 20260428
20251121,-9.37,56.8,0.5,증권사리포트,"흥국증권 목표주가 350,000원으로 상향 (BUY 유지)",+,H,"Direction: 기존 투자의견 유지, 목표주가 상향 조정
Importance: 펀더멘털 개선을 반영한 목표주가 조정",흥국증권 리포트 20260518
20251124,,,,주주환원,"1,000억원 규모 자사주 소각 완료 (Batch 6)",+,M,"Direction: 기보유 자사주를 활용한 자본효율성 개선
Importance: NAV 할인율 축소 실현",공시
20251124,3.76,55.1,-1.7,밸류업,SK스퀘어 기업가치 제고 계획 (2025),+,H,"Direction: 정부 밸류업 정책 중에서도 SK스퀘어가 모범사례로 특히 부각되며 재평가
Importance: 밸류업 테마 내 SK스퀘어 고유의 초과 재평가 요인",SK스퀘어 홈페이지 IR자료실 20251124
20251125,5.25,52.7,-2.4,밸류업,기업가치제고계획 업데이트 (28년까지 NAV 할인율 30% 이하 목표),+,H,"Direction: 정부 밸류업 정책 중에서도 SK스퀘어가 모범사례로 특히 부각되며 재평가
Importance: 밸류업 테마 내 SK스퀘어 고유의 초과 재평가 요인",대신증권 리포트 20260618
20251128,-1,52.4,-0.7,증권사리포트,"대신증권 SK스퀘어 목표주가 1,000,000원 상향 (매수)",+,H,"Direction: 기존 투자의견 유지, 목표주가 상향 조정
Importance: 펀더멘털 개선을 반영한 목표주가 조정",대신증권 리포트 20260526
20251128,-1,52.4,-0.7,NAV 할인율,NAV 할인율 관련 SK스퀘어 컨퍼런스 개최,+,L,"Direction: 별도 기준 본사의 일반적 사항
Importance: SK스퀘어 주가의 저평가 현황을 조명",현대차증권 리포트 20251202
20251130,,,,밸류업,"'25.11 기업가치제고계획 공시, NAV 할인율 목표 제시",+,H,"Direction: 정부 밸류업 정책 중에서도 SK스퀘어가 모범사례로 특히 부각되며 재평가
Importance: 밸류업 테마 내 SK스퀘어 고유의 초과 재평가 요인",현대차증권 리포트 20251202
20251201,1.34,52.4,0,증권사리포트,"대신증권 SK스퀘어 목표주가 390,000원 하향 (매수)",-,H,"Direction: 기존 투자의견 유지, 목표주가 하향 조정
Importance: 펀더멘털 둔화를 반영한 목표주가 조정",대신증권 리포트 20260526
20251202,2.15,53,0.6,증권사리포트,"현대차증권 목표주가 350,000원으로 상향 (BUY 유지)",+,H,"Direction: 기존 투자의견 유지, 목표주가 상향 조정
Importance: 펀더멘털 개선을 반영한 목표주가 조정",현대차증권 리포트 20251202
20251231,,,,실적발표,2025년 주요 자회사 영업이익 적자폭 크게 개선,+,M,"Direction: SK하이닉스 지분법이익 반영에 따른 연결실적 변동
Importance: 지주회사 특성상 실적 자체보다 SK하이닉스 실적에 후행하는 결과",유안타증권 리포트 20260303
20251231,,,,자회사,2025년 11번가 영업손실 -396억원으로 적자폭 크게 개선,+,M,"Direction: 비핵심자회사의 실적 개선
Importance: 개별 자회사 영향은 제한적이나 누적 시 NAV·투자심리에 긍정적",유안타증권 리포트 20260303
20251231,,,,SK하이닉스,2025년 SK하이닉스 지분법이익 8.9조원(YoY +17.5%) 기록,+,H,"Direction: 핵심 자회사(SK하이닉스) 가치 변동이 NAV에 직접 반영
Importance: SK스퀘어 NAV의 최대 비중을 차지하는 핵심 자산",유안타증권 리포트 20260303
20251231,,,,자회사,2025년 티맵모빌리티 Mobility Data 매출 957억원(+36% YoY) 증가,+,L,"Direction: 비핵심자회사의 실적 개선
Importance: 개별 자회사 영향은 제한적이나 누적 시 NAV·투자심리에 긍정적",유안타증권 리포트 20260303
20260102,,50.3,,규제,"금투협, 하이닉스 시총 비중 12.3% 공지 (12월 평균 시총 반영)",+,M,"Direction: SK하이닉스 관련 규제가 SK스퀘어 대체투자 매력에 미치는 영향
Importance: 간접적 수급 요인",대신증권 리포트 20260128
20260120,-1.95,50.4,-0.4,ESG,"SK스퀘어, CDP 평가 최고등급 ‘A’ 획득... ESG 경영 선도",?,L,"Direction: ESG 인증·성과가 주가 방향성에 미치는 영향은 제한적
Importance: 기업 이미지 제고 효과는 있으나 일별 주가 영향은 미미",SK스퀘어 홈페이지 뉴스룸 20260120
20260127,7.26,48.8,0.4,증권사리포트,"대신증권 SK스퀘어 목표주가 560,000원 상향 (매수)",+,M,"Direction: 기존 투자의견 유지, 목표주가 상향 조정
Importance: 펀더멘털 개선을 반영한 목표주가 조정",대신증권 리포트 20260526
20260128,6.55,48,-0.8,증권사리포트,"대신증권 목표주가 560,000원으로 상향 (매수 유지)",+,H,"Direction: 기존 투자의견 유지, 목표주가 상향 조정
Importance: 펀더멘털 개선을 반영한 목표주가 조정",대신증권 리포트 20260128
20260129,5.36,46.5,-1.5,증권사리포트,"SK증권 목표주가 580,000원으로 상향 (매수 유지)",+,M,"Direction: 기존 투자의견 유지, 목표주가 상향 조정
Importance: 펀더멘털 개선을 반영한 목표주가 조정",SK증권 리포트 20260519
20260131,,,,자회사,"T맵 순이용자 1,549만명 기록",?,L,"Direction: 비핵심자산의 비재무지표
Importance: 비핵심자산의 일반적 사항",대신증권 리포트 20260428
20260201,,,,NAV 할인율,하이닉스 연동 효과로 NAV 할인율 45%로 최저 기록,+,M,"Direction: 별도 기준 본사의 일반적 사항
Importance: SK스퀘어 주가의 저평가 현황을 조명",대신증권 리포트 20260225
20260202,-11.4,47.3,1.8,규제,"금투협, SK하이닉스 시총 비중 13.9% 공지 (펀드 제한)",?,M,"Direction: SK하이닉스 관련 규제가 SK스퀘어 대체투자 매력에 미치는 영향
Importance: 간접적 수급 요인",대신증권 리포트 20260225
20260210,-3.55,46.2,1.3,실적발표,매출액 또는 손익구조 30%(대규모법인 15%)이상 변경,+,H,"Direction: SK하이닉스 지분법이익 반영에 따른 연결실적 변동
Importance: 지주회사 특성상 실적 자체보다 SK하이닉스 실적에 후행하는 결과",SK스퀘어 홈페이지 IR자료실 20260210
20260223,0,46.9,0.1,밸류업,"SK스퀘어 투자 글로벌 AI·반도체 기업, 2년 만에 기업가치 최대 7배 올랐다",+,H,"Direction: 정부 밸류업 정책 중에서도 SK스퀘어가 모범사례로 특히 부각되며 재평가
Importance: 밸류업 테마 내 SK스퀘어 고유의 초과 재평가 요인",SK스퀘어 홈페이지 뉴스룸 20260223
20260224,6.38,46.4,-0.5,실적발표,Q4 ’25 Portfolio Update,?,M,"Direction: SK하이닉스 지분법이익 반영에 따른 연결실적 변동
Importance: 지주회사 특성상 실적 자체보다 SK하이닉스 실적에 후행하는 결과",SK스퀘어 홈페이지 IR자료실 20260224
20260224,6.38,46.4,-0.5,실적발표,"SK스퀘어, 2025년 연간 실적 발표",?,M,"Direction: SK하이닉스 지분법이익 반영에 따른 연결실적 변동
Importance: 지주회사 특성상 실적 자체보다 SK하이닉스 실적에 후행하는 결과",SK스퀘어 홈페이지 뉴스룸 20260224
20260225,4.86,44.5,-1.9,실적발표,"2025년 연간 매출 1.4조, 영업이익 8.8조 발표",+,M,"Direction: SK하이닉스 지분법이익 반영에 따른 연결실적 변동
Importance: 지주회사 특성상 실적 자체보다 SK하이닉스 실적에 후행하는 결과",대신증권 리포트 20260225
20260225,4.86,44.5,-1.9,증권사리포트,"대신증권 목표주가 760,000원으로 상향 (매수 유지)",+,L,"Direction: 기존 투자의견 유지, 목표주가 상향 조정
Importance: 펀더멘털 개선을 반영한 목표주가 조정",대신증권 리포트 20260618
20260303,,46.1,,증권사리포트,"유안타증권 목표주가 840,000원으로 상향 (매수 유지)",+,H,"Direction: 기존 투자의견 유지, 목표주가 상향 조정
Importance: 펀더멘털 개선을 반영한 목표주가 조정",유안타증권 리포트 20260303
20260303,,46.1,,밸류업,2028년 목표 NAV 할인율 30% 이하로 축소 목표 제시,+,M,"Direction: 정부 밸류업 정책 중에서도 SK스퀘어가 모범사례로 특히 부각되며 재평가
Importance: 밸류업 테마 내 SK스퀘어 고유의 초과 재평가 요인",유안타증권 리포트 20260303
20260325,,,,주주환원,400억원 자사주 매입 공시 (Batch 7),+,H,"Direction: SK스퀘어에 현금 유입
Importance: NAV 할인율 축소를 위한 대표적 주주환원 수단",공시
20260325,1.68,46.9,-0.5,SK하이닉스,SK하이닉스 미국 증시 상장(ADR) 등록신청서 제출 공시,+,H,"Direction: 핵심 자회사(SK하이닉스) 가치 변동이 NAV에 직접 반영
Importance: SK스퀘어 NAV의 최대 비중을 차지하는 핵심 자산",SK증권 리포트 20260326
20260325,1.68,46.9,-0.5,주주환원,5.89조원 자본준비금 이익잉여금 전입 건 주주총회 통과,+,H,"Direction: 핵심 주주환원 정책 (자사주 매입·소각)
Importance: NAV 할인율 축소를 위한 대표적 주주환원 수단",SK증권 리포트 20260326
20260326,-7.77,47.9,1,증권사리포트,SK증권 목표주가 74만원으로 상향 (매수 유지),+,M,"Direction: 기존 투자의견 유지, 목표주가 상향 조정
Importance: 펀더멘털 개선을 반영한 목표주가 조정",SK증권 리포트 20260326
20260331,-8.53,50,0.7,자회사,Wavve 순이용자 290만명 기록,?,L,"Direction: 비핵심자산의 비재무지표
Importance: 비핵심자산의 일반적 사항",대신증권 리포트 20260428
20260401,7.4,51.2,1.2,SK하이닉스,SK하이닉스 2026년 영업이익 컨센서스 연초 7.7조→최근 16.5조원 상승,+,H,"Direction: 핵심 자회사(SK하이닉스) 가치 변동이 NAV에 직접 반영
Importance: SK스퀘어 NAV의 최대 비중을 차지하는 핵심 자산",유안타증권 리포트 20260401
20260401,7.4,51.2,1.2,규제,"금투협, 3월 평균 시총 반영 하이닉스 시총 비중 14.7% 공지",?,M,"Direction: SK하이닉스 관련 규제가 SK스퀘어 대체투자 매력에 미치는 영향
Importance: 간접적 수급 요인",대신증권 리포트 20260428
20260401,7.4,51.2,1.2,NAV 할인율,NAV 할인율 50% 조기 달성 후 2028년까지 30% 이하 목표 제시,+,H,"Direction: 별도 기준 본사의 일반적 사항
Importance: SK스퀘어 주가의 저평가 현황을 조명",유안타증권 리포트 20260401
20260401,7.4,51.2,1.2,주주환원,주주총회서 자본준비금 5.9조원 이익잉여금 전입 승인,+,M,"Direction: 핵심 주주환원 정책 (자사주 매입·소각)
Importance: NAV 할인율 축소를 위한 대표적 주주환원 수단",유안타증권 리포트 20260401
20260401,7.4,51.2,1.2,증권사리포트,"유안타증권, SK스퀘어 투자의견 BUY 및 목표주가 84만원 유지",+,M,"Direction: 투자의견 및 목표주가 유지
Importance: 투자의견 및 목표주가 유지",유안타증권 리포트 20260401
20260401,7.4,51.2,1.2,자회사,비핵심 자산 유동화 가시적으로 진행 중,+,M,"Direction: 비핵심자회사의 사업 진행 상황
Importance: 일별 주가 방향성에 미치는 영향은 제한적",유안타증권 리포트 20260401
20260401,7.4,51.2,1.2,자회사,티맵모빌리티 등 주요 포트폴리오 영업이익 개선 지속 전망,+,M,"Direction: 비핵심자회사의 실적 개선
Importance: 개별 자회사 영향은 제한적이나 누적 시 NAV·투자심리에 긍정적",유안타증권 리포트 20260401
20260427,8.83,46.3,-1.6,기타,SK스퀘어 시가총액 사상 최초 100조원 돌파,+,H,"Direction: 주가 마일스톤에 대한 시장의 관심 반영
Importance: 특정 사건이 아닌 주가 흐름 자체에 대한 언급",대신증권 리포트 20260428
20260427,8.83,46.3,-1.6,증권사리포트,"대신증권 목표주가 1,000,000원으로 상향 (매수 유지)",+,L,"Direction: 기존 투자의견 유지, 목표주가 상향 조정
Importance: 펀더멘털 개선을 반영한 목표주가 조정",대신증권 리포트 20260618
20260427,8.83,46.3,-1.6,NAV 할인율,"NAV 할인율 46% 기록 (24년 65%, 25년 51%에서 축소)",+,H,"Direction: 별도 기준 본사의 일반적 사항
Importance: SK스퀘어 주가의 저평가 현황을 조명",대신증권 리포트 20260428
20260427,8.83,46.3,-1.6,기타,"SK스퀘어 +8.8%, SK하이닉스 +5.7% 전일 주가 상승",+,M,"Direction: 주가 마일스톤에 대한 시장의 관심 반영
Importance: 특정 사건이 아닌 주가 흐름 자체에 대한 언급",대신증권 리포트 20260428
20260428,2.79,45.1,-1.2,SK하이닉스,반도체 수요 증가로 SK하이닉스 주가 상승 지속,+,H,"Direction: 핵심 자회사(SK하이닉스) 가치 변동이 NAV에 직접 반영
Importance: SK스퀘어 NAV의 최대 비중을 차지하는 핵심 자산",대신증권 리포트 20260428
20260428,2.79,45.1,-1.2,증권사리포트,"대신증권 목표주가 1,000,000원으로 상향 (매수 유지)",+,H,"Direction: 기존 투자의견 유지, 목표주가 상향 조정
Importance: 펀더멘털 개선을 반영한 목표주가 조정",대신증권 리포트 20260428
20260430,1.33,42.5,-1,주주환원,현금ㆍ현물배당 결정,+,H,"Direction: 핵심 주주환원 정책 (자사주 매입·소각)
Importance: NAV 할인율 축소를 위한 대표적 주주환원 수단",SK스퀘어 홈페이지 IR자료실 20260430
20260514,-1.6,47.2,0.7,실적발표,"SK스퀘어, 2026년 1분기 실적 발표",?,M,"Direction: SK하이닉스 지분법이익 반영에 따른 연결실적 변동
Importance: 지주회사 특성상 실적 자체보다 SK하이닉스 실적에 후행하는 결과",SK스퀘어 홈페이지 뉴스룸 20260514
20260514,-1.6,47.2,0.7,실적발표,Q1 ’26 Portfolio Update,?,M,"Direction: SK하이닉스 지분법이익 반영에 따른 연결실적 변동
Importance: 지주회사 특성상 실적 자체보다 SK하이닉스 실적에 후행하는 결과",SK스퀘어 홈페이지 IR자료실 20260514
20260515,-6.23,46.5,-0.7,주주환원,"2026년 중간배당 주당 1,550원 결정 (총 2,000억원 규모)",+,M,"Direction: 핵심 주주환원 정책 (자사주 매입·소각)
Importance: NAV 할인율 축소를 위한 대표적 주주환원 수단",흥국증권 리포트 20260518
20260518,-0.46,47.3,0.8,SK하이닉스,SK하이닉스 2026년 1분기 역대급 실적 발표 (영업이익 37.6조원),+,H,"Direction: 핵심 자회사(SK하이닉스) 가치 변동이 NAV에 직접 반영
Importance: SK스퀘어 NAV의 최대 비중을 차지하는 핵심 자산",흥국증권 리포트 20260518
20260518,-0.46,47.3,0.8,NAV 할인율,NAV 할인율 2024년 60~70%대에서 최근 45%대로 축소,+,H,"Direction: 별도 기준 본사의 일반적 사항
Importance: SK스퀘어 주가의 저평가 현황을 조명",흥국증권 리포트 20260518
20260518,-0.46,47.3,0.8,증권사리포트,"흥국증권 목표주가 1,300,000원으로 상향 (BUY 유지)",+,H,"Direction: 기존 투자의견 유지, 목표주가 상향 조정
Importance: 펀더멘털 개선을 반영한 목표주가 조정",흥국증권 리포트 20260518
20260518,-0.46,47.3,0.8,증권사리포트,흥국증권 투자의견 BUY 유지,+,L,"Direction: 투자의견 및 목표주가 유지
Importance: 투자의견 및 목표주가 유지",흥국증권 리포트 20260518
20260519,-6.68,48.2,0.9,증권사리포트,"SK증권 목표주가 1,450,000원으로 상향 (매수 유지)",+,H,"Direction: 기존 투자의견 유지, 목표주가 상향 조정
Importance: 펀더멘털 개선을 반영한 목표주가 조정",SK증권 리포트 20260519
20260522,0.51,45.8,-0.3,증권사리포트,"대신증권 SK스퀘어 목표주가 1,000,000원 유지 (매수)",?,L,"Direction: 투자의견 및 목표주가 유지
Importance: 투자의견 및 목표주가 유지",대신증권 리포트 20260526
20260524,,,,증권사리포트,"대신증권 목표주가 1,500,000원으로 상향 (매수 유지)",+,L,"Direction: 기존 투자의견 유지, 목표주가 상향 조정
Importance: 펀더멘털 개선을 반영한 목표주가 조정",대신증권 리포트 20260618
20260526,,48.9,,증권사리포트,"대신증권 SK스퀘어 목표주가 1,500,000원으로 상향 (매수 유지)",+,H,"Direction: 기존 투자의견 유지, 목표주가 상향 조정
Importance: 펀더멘털 개선을 반영한 목표주가 조정",대신증권 리포트 20260526
20260601,1.87,52.7,-0.2,규제,"금투협, SK하이닉스 시가총액 비중 21.3%로 공지 (5월 반영)",+,M,"Direction: SK하이닉스 관련 규제가 SK스퀘어 대체투자 매력에 미치는 영향
Importance: 간접적 수급 요인",대신증권 리포트 20260618
20260618,,,,증권사리포트,"대신증권 목표주가 1,870,000원으로 상향 (매수 유지)",+,M,"Direction: 기존 투자의견 유지, 목표주가 상향 조정
Importance: 펀더멘털 개선을 반영한 목표주가 조정",대신증권 리포트 20260618
20271231,,,,주주환원,27년까지 NAV 할인율 50% 이하 축소 목표 제시,+,H,"Direction: 핵심 주주환원 정책 (자사주 매입·소각)
Importance: NAV 할인율 축소를 위한 대표적 주주환원 수단",유안타증권 리포트 20251022
