date,skq_ret,hynix_ret,divergence,nav_discount_pct,nav_discount_delta,event_count,event_titles,source_types
2021-12-06,0.0,0.42,-0.35,61.4,0.1,0,,
2022-01-04,5.26,0.0,5.26,61.7,-1.9,0,,
2022-01-24,-2.63,0.0,-2.59,65.5,0.9,0,,
2022-02-18,0.0,-1.13,0.84,70.8,-0.2,0,,
2022-02-23,4.72,0.0,4.7,68.3,-1.5,0,,
2022-03-16,0.0,3.56,-2.74,69.7,0.9,0,,
2022-03-18,1.71,0.0,1.71,69.8,-0.5,1,2021-Pro Forma 연결재무제표,homepage
2022-03-21,0.0,-1.61,1.26,69.5,-0.3,1,11번가 상장 철회,analyst
2022-03-23,3.72,0.0,3.71,68.5,-1.1,0,,
2022-03-28,2.9,0.0,2.86,66.8,-0.9,0,,
2022-04-20,0.35,0.0,0.34,65.6,-0.1,0,,
2022-05-03,0.0,-0.45,0.34,68.2,-0.1,0,,
2022-05-09,-5.27,0.0,-5.23,71.2,1.6,4,"SK쉴더스, 글로벌 긴축 및 수요예측 부진으로 증권신고서 철회(상장 연기) 단독 보도 | SK스퀘어-SKT, 글로벌 게임사 ‘해긴’에 공동 투자 | 원스토어, 수요예측 참패 및 재무적 투자자(FI) 반대로 상장 철회 최종 결정 단독 보도 | SK쉴더스 상장 철회 (시장 상황 악화)","analyst,homepage,news"
2022-06-03,1.73,0.0,1.73,70.4,-0.5,0,,
2022-07-11,0.0,-1.16,0.83,72.2,-0.3,0,,
2022-07-14,-1.97,0.0,-1.97,72.3,0.5,0,,
2022-07-25,1.09,0.0,1.1,72.3,-0.4,0,,
2022-07-26,0.0,0.5,-0.37,72.5,0.2,0,,
2022-08-04,0.48,0.0,0.46,71.6,-0.1,0,,
2022-08-12,-1.14,0.0,-1.14,69.8,0.4,0,,
2022-09-05,0.0,-0.65,0.47,72.2,-0.2,0,,
2022-09-08,5.65,0.0,5.62,69.9,-1.6,0,,
2022-09-21,-1.49,0.0,-1.48,71.1,0.4,1,"대신증권 SK스퀘어 목표주가 58,000원으로 제시 (매수)",analyst
2022-10-18,0.0,0.63,-0.47,73.0,0.2,0,,
2022-10-27,0.0,-4.15,3.0,72.0,-0.8,0,,
2022-11-10,0.0,-0.11,0.07,71.7,0.0,0,,
2022-11-23,2.18,0.0,2.17,72.0,-0.6,0,,
2022-11-24,0.0,2.0,-1.41,72.4,0.4,0,,
2022-12-06,-1.79,0.0,-1.78,72.4,0.5,0,,
2022-12-21,0.0,-0.38,0.26,72.4,-0.1,0,,
2022-12-27,2.02,0.0,2.01,71.7,-0.6,0,,
2023-04-17,0.0,-0.9,0.64,70.5,-0.2,0,,
2023-06-02,-0.77,0.0,-0.78,72.0,0.2,2,"SK하이닉스 23년 대규모 적자 예상으로 SK스퀘어 실적 부진 | SK증권 목표주가 62,000원으로 상향 (매수 유지)",analyst
2023-06-27,0.0,-0.44,0.32,72.8,0.0,1,"자기주식 5,300주 사외이사 보수로 처분",analyst
2023-06-30,0.0,-0.86,0.65,73.5,-0.2,4,"SK하이닉스 주가 연초 대비 52% 상승 (SK스퀘어 NAV 할인율 유지) | SK쉴더스 유상증자 및 EQT 주식양수도 계약 체결 공시 | SK쉴더스 딜로 2조원 현금 확보 및 NAV 할인율 해소 기대 | SK증권 투자의견 '매수', 목표주가 62,000원 유지",analyst
2023-08-10,1.32,0.0,1.32,73.0,-0.4,4,"2,000억원 자사주 매입 공시 (Batch 2) | 대신증권 목표주가 70,000원으로 유지 (매수 유지) | 2023-2024년 영업이익 및 순이익 전망 상향 조정 | 대신증권 목표주가 70000원 (매수) 상향","analyst,unknown"
2023-08-18,0.0,2.09,-1.59,74.0,0.4,0,,
2023-08-29,0.0,2.33,-1.77,74.3,0.5,1,"SK스퀘어, 글로벌 ESG 경영 기업으로 자리매김",homepage
2023-10-18,-0.67,0.0,-0.67,75.8,0.2,0,,
2023-10-30,2.37,0.0,2.34,74.8,-0.6,0,,
2023-12-07,0.41,0.0,0.41,72.6,-0.1,0,,
2023-12-12,0.0,1.63,-1.27,73.0,0.4,0,,
2023-12-18,-1.96,0.0,-1.95,74.3,0.5,0,,
2023-12-21,-0.78,0.0,-0.77,74.0,0.2,0,,
2024-01-15,0.62,0.0,0.62,74.1,-0.2,0,,
2024-02-07,6.09,0.0,6.08,65.6,-2.0,1,2023년 연간 실적 발표 (당기순손실 기록),analyst
2024-02-15,-1.58,0.0,-1.54,69.5,0.5,0,,
2024-05-29,-2.64,0.0,-2.63,69.3,0.9,0,,
2024-06-27,0.0,-0.21,0.19,66.1,-0.1,0,,
2024-06-28,-2.15,0.0,-2.15,66.8,0.7,0,,
2024-07-16,0.0,1.3,-1.13,64.6,0.4,0,,
2024-07-23,-1.17,0.0,-1.17,68.2,0.3,0,,
2024-09-02,0.0,0.17,-0.14,66.2,0.0,0,,
2024-11-20,2.18,0.0,2.18,65.1,-0.7,0,,
2025-03-07,-1.0,0.0,-1.0,64.6,0.3,0,,
2025-04-02,0.0,0.46,-0.38,64.1,0.2,1,"1,000억원 규모 자사주 소각 완료 (Batch 4)",unknown
2025-04-18,0.73,0.0,0.73,64.7,-0.2,0,,
2025-06-13,-1.28,0.0,-1.28,53.8,0.6,0,,
2025-06-19,0.0,-0.2,0.18,52.4,-0.1,0,,
2025-08-04,-0.07,0.0,-0.08,56.9,0.0,1,"현대차증권 목표주가 280,000원으로 상향 (BUY 유지)",analyst
2025-08-22,0.0,2.45,-2.13,57.4,0.9,0,,
2025-09-19,3.84,0.0,3.84,49.7,-1.9,0,,
2025-10-17,0.0,2.87,-2.66,53.6,1.3,0,,
2025-12-19,0.0,-0.91,0.85,55.0,-0.3,0,,
2025-12-23,0.0,0.69,-0.65,54.1,0.3,0,,
2026-01-09,0.0,-1.59,1.52,50.1,-0.8,0,,
2026-02-23,0.0,0.21,-0.2,46.9,0.1,0,,
2026-05-20,0.88,0.0,0.88,47.8,-0.4,0,,
